split,label,domain,filename
train,legitimate,genuine_youtube.comwatch,train/legitimate/genuine_youtube.comwatch_afc1611fa2.png
train,legitimate,genuine_youtube.comwatch,train/legitimate/genuine_youtube.comwatch_8106c5ecaa.png
train,legitimate,genuine_youtube.comwatch,train/legitimate/genuine_youtube.comwatch_f134497d74.png
train,legitimate,genuine_youtube.comwatch,train/legitimate/genuine_youtube.comwatch_fda68d2007.png
train,legitimate,genuine_youtube.comwatch,train/legitimate/genuine_youtube.comwatch_1cfb8b8034.png
train,legitimate,genuine_youtube.comwatch,train/legitimate/genuine_youtube.comwatch_60d1200c1c.png
train,legitimate,genuine_youtube.comwatch,train/legitimate/genuine_youtube.comwatch_2f56e91d40.png
train,legitimate,genuine_youtube.comwatch,train/legitimate/genuine_youtube.comwatch_0ac3004bd8.png
train,legitimate,genuine_youtube.comwatch,train/legitimate/genuine_youtube.comwatch_52fbc455ed.png
train,legitimate,genuine_youtube.comwatch,train/legitimate/genuine_youtube.comwatch_0970643874.png
train,legitimate,genuine_youtube.comwatch,train/legitimate/genuine_youtube.comwatch_11251db544.png
train,legitimate,genuine_youtube.comwatch,train/legitimate/genuine_youtube.comwatch_1b5031265c.png
train,legitimate,genuine_youtube.comwatch,train/legitimate/genuine_youtube.comwatch_f4ab3b932f.png
train,legitimate,genuine_youtube.comwatch,train/legitimate/genuine_youtube.comwatch_167f4cce92.png
train,legitimate,genuine_youtube.comwatch,train/legitimate/genuine_youtube.comwatch_f9570b199e.png
train,legitimate,genuine_youtube.comwatch,train/legitimate/genuine_youtube.comwatch_872918b5e4.png
train,legitimate,genuine_youtube.comwatch,train/legitimate/genuine_youtube.comwatch_4261a3309a.png
train,legitimate,genuine_youtube.comwatch,train/legitimate/genuine_youtube.comwatch_4aabdeb148.png
train,legitimate,genuine_youtube.comwatch,train/legitimate/genuine_youtube.comwatch_c9ad6fad0e.png
train,legitimate,genuine_ebay.comschi.html,train/legitimate/genuine_ebay.comschi.html_958d3bd6f4.png
train,legitimate,genuine_ebay.comschi.html,train/legitimate/genuine_ebay.comschi.html_703dab1667.png
train,legitimate,genuine_ebay.comschi.html,train/legitimate/genuine_ebay.comschi.html_47ef13c3e3.png
train,legitimate,genuine_ebay.comschi.html,train/legitimate/genuine_ebay.comschi.html_9e41b87ab6.png
train,legitimate,genuine_biographi.ca009004-119.01-e.php,train/legitimate/genuine_biographi.ca009004-119.01-e.php_cb4c9b5735.png
train,legitimate,genuine_biographi.ca009004-119.01-e.php,train/legitimate/genuine_biographi.ca009004-119.01-e.php_4a01bcebe4.png
train,legitimate,genuine_biographi.ca009004-119.01-e.php,train/legitimate/genuine_biographi.ca009004-119.01-e.php_47990b7155.png
train,legitimate,genuine_answers.yahoo.comquestionindex,train/legitimate/genuine_answers.yahoo.comquestionindex_a6fc59fd96.png
train,legitimate,genuine_answers.yahoo.comquestionindex,train/legitimate/genuine_answers.yahoo.comquestionindex_a9c66cb589.png
train,legitimate,genuine_answers.yahoo.comquestionindex,train/legitimate/genuine_answers.yahoo.comquestionindex_cf353b6248.png
train,legitimate,facebook.com,train/legitimate/facebook.com_2b74292953.png
train,legitimate,facebook.com,train/legitimate/facebook.com_d7e4a49dca.png
train,legitimate,facebook.com,train/legitimate/facebook.com_00dc92c464.png
train,legitimate,genuine_nosorigines.qc.cagenealogielistfirstname.aspx,train/legitimate/genuine_nosorigines.qc.cagenealogielistfirstname.aspx_88b89bbbc3.png
train,legitimate,genuine_nosorigines.qc.cagenealogielistfirstname.aspx,train/legitimate/genuine_nosorigines.qc.cagenealogielistfirstname.aspx_db5e057aa0.png
train,legitimate,imdb.com,train/legitimate/imdb.com_12b245fc20.png
train,legitimate,imdb.com,train/legitimate/imdb.com_8b0cc62a1e.png
train,legitimate,genuine_findagrave.comcgi-binfg.cgi,train/legitimate/genuine_findagrave.comcgi-binfg.cgi_c1f4389441.png
train,legitimate,genuine_findagrave.comcgi-binfg.cgi,train/legitimate/genuine_findagrave.comcgi-binfg.cgi_2d175eca4b.png
train,legitimate,genuine_123people.comajonathantrudeau,train/legitimate/genuine_123people.comajonathantrudeau_460bb156d0.png
train,legitimate,genuine_fontspace.comvtks-designvtks-rock-garage-band,train/legitimate/genuine_fontspace.comvtks-designvtks-rock-garage-band_f468a400fd.png
train,legitimate,genuine_tools.ietf.orghtmlrfc2195,train/legitimate/genuine_tools.ietf.orghtmlrfc2195_2ec71277b5.png
train,legitimate,genuine_electionprediction.org2007_fedriding24048.php,train/legitimate/genuine_electionprediction.org2007_fedriding24048.php_e1d4566531.png
train,legitimate,genuine_imagesjournal.comissue08reviewsrussmeyer2,train/legitimate/genuine_imagesjournal.comissue08reviewsrussmeyer2_d7a9f2ccd2.png
train,legitimate,genuine_imdb.comnamenm0572106,train/legitimate/genuine_imdb.comnamenm0572106_d9d7e074e6.png
train,legitimate,genuine_www.createafreewebsite.netphpmysqlphpmysql_introduction.html,train/legitimate/genuine_www.createafreewebsite.netphpmysqlphpmysql_introduction.html_7d095cfff7.png
train,legitimate,genuine_stsci.eduariesspublications.htm,train/legitimate/genuine_stsci.eduariesspublications.htm_c6aeced17b.png
train,legitimate,genuine_fact-index.comllolouis_joseph_papineau.html,train/legitimate/genuine_fact-index.comllolouis_joseph_papineau.html_930f65744d.png
train,legitimate,genuine_maplevalleywa.govindex.aspx,train/legitimate/genuine_maplevalleywa.govindex.aspx_9852e9e59c.png
train,legitimate,genuine_streema.comradioscixm_fm,train/legitimate/genuine_streema.comradioscixm_fm_314e740a01.png
train,legitimate,genuine_ca.ratemyteachers.comuniversit-du-qu-bec-montr-al114557-s,train/legitimate/genuine_ca.ratemyteachers.comuniversit-du-qu-bec-montr-al114557-s_37930f10e3.png
train,legitimate,genuine_pipl.comdirectorynamebeaudoin,train/legitimate/genuine_pipl.comdirectorynamebeaudoin_d9519121f4.png
train,legitimate,genuine_fenopy.eusearchkevinmahogany.html,train/legitimate/genuine_fenopy.eusearchkevinmahogany.html_6f5b34d874.png
train,legitimate,genuine_worthpoint.comworthopediadoobie-brothers-record-album-best-119034833,train/legitimate/genuine_worthpoint.comworthopediadoobie-brothers-record-album-best-119034833_38b665a886.png
train,legitimate,genuine_houseofsparky.com201111192574475asu-vs-arizona-the-duel-in-the-desert-open-threa,train/legitimate/genuine_houseofsparky.com201111192574475asu-vs-arizona-the-duel-in-the-desert-open-threa_ac79f4869a.png
train,legitimate,genuine_www.smartwebby.comweb_site_designfireworks_tips.asp,train/legitimate/genuine_www.smartwebby.comweb_site_designfireworks_tips.asp_d430305b1b.png
train,legitimate,genuine_spectator.orgblog20110512romneys-health-care-speech,train/legitimate/genuine_spectator.orgblog20110512romneys-health-care-speech_8880660352.png
train,legitimate,genuine_wn.com1910s,train/legitimate/genuine_wn.com1910s_851f60c9f2.png
train,legitimate,genuine_movoto.comwa1491-state-route-505-toledo501_49268.htm,train/legitimate/genuine_movoto.comwa1491-state-route-505-toledo501_49268.htm_9a5565895f.png
train,legitimate,genuine_engineering.asu.edupeople,train/legitimate/genuine_engineering.asu.edupeople_10f052c5a5.png
train,legitimate,genuine_forums.digitalspy.co.ukshowthread.php,train/legitimate/genuine_forums.digitalspy.co.ukshowthread.php_7e5a6d6748.png
train,legitimate,genuine_www.foreignword.comcvdocument_2426.htm,train/legitimate/genuine_www.foreignword.comcvdocument_2426.htm_7841f9b582.png
train,legitimate,genuine_dailymotion.comvideox414hz_warner-bros-seven-arts-looney-tunes_shortfilms,train/legitimate/genuine_dailymotion.comvideox414hz_warner-bros-seven-arts-looney-tunes_shortfilms_4206237ba0.png
train,legitimate,genuine_www.mindcraft.comdirectorymark,train/legitimate/genuine_www.mindcraft.comdirectorymark_a5c35d2703.png
train,legitimate,genuine_www.cdhnow.commw.asp,train/legitimate/genuine_www.cdhnow.commw.asp_0593334871.png
train,legitimate,genuine_answers.comtopicsabas,train/legitimate/genuine_answers.comtopicsabas_48072d59ce.png
train,legitimate,genuine_searchenginewatch.comarticle2065323odp-testing-public-abuse-report-system,train/legitimate/genuine_searchenginewatch.comarticle2065323odp-testing-public-abuse-report-system_a934015a8d.png
train,legitimate,genuine_about.reuters.comproductinfo,train/legitimate/genuine_about.reuters.comproductinfo_2c7484ebfb.png
train,legitimate,genuine_youtube.comartistlaurindo_almeida,train/legitimate/genuine_youtube.comartistlaurindo_almeida_5a9f98f1e7.png
train,legitimate,genuine_amazon.comrocked-morning-england-pirate-blu-raydpb002d0l0xg,train/legitimate/genuine_amazon.comrocked-morning-england-pirate-blu-raydpb002d0l0xg_60c1badd9d.png
train,legitimate,genuine_metal-videos.blogspot.com200701venom.html,train/legitimate/genuine_metal-videos.blogspot.com200701venom.html_87a4190fb7.png
train,legitimate,genuine_flowershopnetwork.comfloristsusatxalbany,train/legitimate/genuine_flowershopnetwork.comfloristsusatxalbany_6337d3f6e2.png
train,legitimate,genuine_selu.edu,train/legitimate/genuine_selu.edu_efe50815d4.png
train,legitimate,genuine_amazon.comsexual-paradox-women-real-genderdp0743284704,train/legitimate/genuine_amazon.comsexual-paradox-women-real-genderdp0743284704_4f383862c4.png
train,legitimate,genuine_www.fibtex.lodz.pl40_16_53.pdf,train/legitimate/genuine_www.fibtex.lodz.pl40_16_53.pdf_0c10f00244.png
train,legitimate,genuine_en.wikipedia.orgwikiinterfacing_technologies,train/legitimate/genuine_en.wikipedia.orgwikiinterfacing_technologies_c4d6387e73.png
train,legitimate,genuine_people.famouswhy.comjessica_mitford,train/legitimate/genuine_people.famouswhy.comjessica_mitford_5312bbed77.png
train,legitimate,genuine_en.wikipedia.orgwikijay_houghton,train/legitimate/genuine_en.wikipedia.orgwikijay_houghton_0f01fcabc8.png
train,legitimate,genuine_fotoselectas.blogspot.com,train/legitimate/genuine_fotoselectas.blogspot.com_1aebb632dc.png
train,legitimate,genuine_spokeo.comstaceyjackson,train/legitimate/genuine_spokeo.comstaceyjackson_80b587eed2.png
train,legitimate,genuine_www.itl.nist.goviauivip,train/legitimate/genuine_www.itl.nist.goviauivip_70627f0ed8.png
train,legitimate,genuine_www.rexswain.comrexx.html,train/legitimate/genuine_www.rexswain.comrexx.html_bff277873c.png
train,legitimate,genuine_michaelconnelly.comnovelsthebrassverdict,train/legitimate/genuine_michaelconnelly.comnovelsthebrassverdict_110cccdbc3.png
train,legitimate,genuine_ajboonbutchers.co.uk,train/legitimate/genuine_ajboonbutchers.co.uk_593389b928.png
train,legitimate,genuine_www.businesstown.comdirectoriesindex.asp,train/legitimate/genuine_www.businesstown.comdirectoriesindex.asp_5608c7fa25.png
train,legitimate,genuine_skinami.co.kreng,train/legitimate/genuine_skinami.co.kreng_f64d074c0e.png
train,legitimate,genuine_en.wikipedia.orgwikiknec5beja_lipa,train/legitimate/genuine_en.wikipedia.orgwikiknec5beja_lipa_e179fa89a6.png
train,legitimate,genuine_answers.comtopic1961,train/legitimate/genuine_answers.comtopic1961_30f1c8b492.png
train,legitimate,genuine_amazon.combreaking-point-bo-svensondpb000no1xi6,train/legitimate/genuine_amazon.combreaking-point-bo-svensondpb000no1xi6_e720bfbe0d.png
train,legitimate,genuine_bestplaces.netcityohiocleveland,train/legitimate/genuine_bestplaces.netcityohiocleveland_2a34f18384.png
train,legitimate,genuine_lowellworkshops.com,train/legitimate/genuine_lowellworkshops.com_927306006f.png
train,legitimate,genuine_physics.sfsu.edupeoplegradpeople.html,train/legitimate/genuine_physics.sfsu.edupeoplegradpeople.html_0e25f62aae.png
train,legitimate,genuine_crosswords911.comamiable.html,train/legitimate/genuine_crosswords911.comamiable.html_eba5fd7401.png
train,legitimate,visitstoke.co.uk,train/legitimate/visitstoke.co.uk_2c2b0734c7.png
train,legitimate,territorioscuola.com,train/legitimate/territorioscuola.com_c4e7520bec.png
train,legitimate,genuine_2010games.nytimes.comeventsfreestyle-skiingwomens-mogulsresults.html,train/legitimate/genuine_2010games.nytimes.comeventsfreestyle-skiingwomens-mogulsresults.html_df4a1bdeaa.png
train,legitimate,genuine_tools.ietf.orghtmlrfc1070,train/legitimate/genuine_tools.ietf.orghtmlrfc1070_7ff793ad2e.png
train,legitimate,genuine_findarticles.comparticlesmi_m0euyis_48_4ai_53457375,train/legitimate/genuine_findarticles.comparticlesmi_m0euyis_48_4ai_53457375_6643fa3495.png
train,legitimate,genuine_wn.comfilm_editor,train/legitimate/genuine_wn.comfilm_editor_0baf0ee0d2.png
train,legitimate,genuine_phaseit.netclairdcomp.lang.tcltcl.html,train/legitimate/genuine_phaseit.netclairdcomp.lang.tcltcl.html_e8d38d374c.png
train,legitimate,genuine_salus.edu,train/legitimate/genuine_salus.edu_b6d1ccebec.png
train,legitimate,genuine_firebirdnation.comforumstopic332351-pontiac-350-400-chrome-water-pump-67-68-69-f,train/legitimate/genuine_firebirdnation.comforumstopic332351-pontiac-350-400-chrome-water-pump-67-68-69-f_4e66abe2bc.png
train,legitimate,genuine_en.wikipedia.orgwikiremstar_corporation,train/legitimate/genuine_en.wikipedia.orgwikiremstar_corporation_9293e0df4a.png
train,legitimate,genuine_charlienewton.combio.php,train/legitimate/genuine_charlienewton.combio.php_adddd48a03.png
train,legitimate,genuine_politicususa.comenamerican-socialists,train/legitimate/genuine_politicususa.comenamerican-socialists_9af2a0e799.png
train,legitimate,genuine_landoftherightangles.blogspot.com,train/legitimate/genuine_landoftherightangles.blogspot.com_3c04771562.png
train,legitimate,genuine_en.wikipedia.orgwikis.h.i.e.l.d,train/legitimate/genuine_en.wikipedia.orgwikis.h.i.e.l.d_76c31ca5d6.png
train,legitimate,genuine_legacy.comobituarieshoustonchronicleobituary.aspx,train/legitimate/genuine_legacy.comobituarieshoustonchronicleobituary.aspx_2bf9ea8211.png
train,legitimate,genuine_gamblinfamily.orgelizabeth_ann_gamblin.html,train/legitimate/genuine_gamblinfamily.orgelizabeth_ann_gamblin.html_227f406fe7.png
train,legitimate,genuine_tjsmithlaw.com,train/legitimate/genuine_tjsmithlaw.com_a575f7e9ef.png
train,legitimate,genuine_keywiki.orgindex.phpella_baker_center_for_human_rights,train/legitimate/genuine_keywiki.orgindex.phpella_baker_center_for_human_rights_cc45d557fe.png
train,legitimate,genuine_supaprice.co.ukpresult.jsp,train/legitimate/genuine_supaprice.co.ukpresult.jsp_220efb2766.png
train,legitimate,genuine_sell.com258ff9,train/legitimate/genuine_sell.com258ff9_3c4806dd68.png
train,legitimate,genuine_pasowine.comwineriesprofile.php,train/legitimate/genuine_pasowine.comwineriesprofile.php_8bbdacdf87.png
train,legitimate,genuine_bonjourquebec.comqc-enevents-directorymajor-exhibition,train/legitimate/genuine_bonjourquebec.comqc-enevents-directorymajor-exhibition_4169192772.png
train,legitimate,genuine_un.orgappsnewsstory.asp,train/legitimate/genuine_un.orgappsnewsstory.asp_53639a95bd.png
train,legitimate,genuine_pipl.comdirectorynamedoucetchristina,train/legitimate/genuine_pipl.comdirectorynamedoucetchristina_42e3978da5.png
train,legitimate,genuine_www.activecampaign.comtriolive,train/legitimate/genuine_www.activecampaign.comtriolive_1f200d7c88.png
train,legitimate,genuine_linkedin.compubdirsouaid,train/legitimate/genuine_linkedin.compubdirsouaid_fd06c10df5.png
train,legitimate,genuine_en.wikipedia.orgwikisaint-louis_provincial_electoral_district,train/legitimate/genuine_en.wikipedia.orgwikisaint-louis_provincial_electoral_district_6bc0169989.png
train,legitimate,genuine_blessedquietness.comjournalhousechubennard.htm,train/legitimate/genuine_blessedquietness.comjournalhousechubennard.htm_adaefb0c78.png
train,legitimate,genuine_joemawhinney.com,train/legitimate/genuine_joemawhinney.com_861fe4322e.png
train,legitimate,genuine_officegamespot.comflashgamescanabalt.htm,train/legitimate/genuine_officegamespot.comflashgamescanabalt.htm_6cdd866f8b.png
train,legitimate,genuine_en.wikipedia.orgwikipaseo_reforma,train/legitimate/genuine_en.wikipedia.orgwikipaseo_reforma_81f362c6ae.png
train,legitimate,genuine_charliehuston.com,train/legitimate/genuine_charliehuston.com_90bded8e80.png
train,legitimate,genuine_counties.orgdefault.asp,train/legitimate/genuine_counties.orgdefault.asp_f33174a1e4.png
train,legitimate,genuine_lessoncorner.comhealthsports,train/legitimate/genuine_lessoncorner.comhealthsports_971d1e5f3f.png
train,legitimate,genuine_abcnews.go.comwntstory,train/legitimate/genuine_abcnews.go.comwntstory_6e475daa07.png
train,legitimate,genuine_nymag.comfashionfashionshows2010springmainnewyorkwomenrunwayherveleger,train/legitimate/genuine_nymag.comfashionfashionshows2010springmainnewyorkwomenrunwayherveleger_0d4593f60e.png
train,legitimate,genuine_www.yoshidam.netruby.html,train/legitimate/genuine_www.yoshidam.netruby.html_e2780d8a8f.png
train,legitimate,genuine_enchantedlearning.cominventors1900a.shtml,train/legitimate/genuine_enchantedlearning.cominventors1900a.shtml_2a614d1d96.png
train,legitimate,genuine_modelrailwaysdirect.co.ukhornby-r9660-low-relief-3-arch-viaduct,train/legitimate/genuine_modelrailwaysdirect.co.ukhornby-r9660-low-relief-3-arch-viaduct_a3168681cd.png
train,legitimate,genuine_www.smu.eduecenter,train/legitimate/genuine_www.smu.eduecenter_dc94045848.png
train,legitimate,genuine_flutrackers.comforumarchiveindex.phpt-3965.html,train/legitimate/genuine_flutrackers.comforumarchiveindex.phpt-3965.html_d67cc59889.png
train,legitimate,genuine_cdbaby.comcdfrancke6,train/legitimate/genuine_cdbaby.comcdfrancke6_f01d9cd2b5.png
train,legitimate,genuine_billburmaster.comrmsandwmissouriinterstate435mo.html,train/legitimate/genuine_billburmaster.comrmsandwmissouriinterstate435mo.html_388f3899c3.png
train,legitimate,genuine_tools.ietf.orghtmlrfc421,train/legitimate/genuine_tools.ietf.orghtmlrfc421_77110c04b5.png
train,legitimate,genuine_carette-paris.comfr,train/legitimate/genuine_carette-paris.comfr_2746572b46.png
train,legitimate,genuine_www.schulich.yorku.cassb-extramitschulich.nsf,train/legitimate/genuine_www.schulich.yorku.cassb-extramitschulich.nsf_1741fb8912.png
train,legitimate,genuine_wodenswestwolves.weebly.com,train/legitimate/genuine_wodenswestwolves.weebly.com_998de0c9ec.png
train,legitimate,genuine_onlineworldofwrestling.comresultswweppvsurvivorseries,train/legitimate/genuine_onlineworldofwrestling.comresultswweppvsurvivorseries_eadaa85cfd.png
train,legitimate,genuine_thebiglead.comindex.php20110430ufc-129-john-makdessis-spinning-back-fist-ko,train/legitimate/genuine_thebiglead.comindex.php20110430ufc-129-john-makdessis-spinning-back-fist-ko_81935cf237.png
train,legitimate,genuine_wordiq.comdefinitionmort_sahl,train/legitimate/genuine_wordiq.comdefinitionmort_sahl_2efdfeeb76.png
train,legitimate,genuine_article.wn.comview20111122reducing_the_pay_gap_in_uk_companies,train/legitimate/genuine_article.wn.comview20111122reducing_the_pay_gap_in_uk_companies_3c00e11d96.png
train,legitimate,genuine_pipl.comdirectorypeoplepaulinebujold,train/legitimate/genuine_pipl.comdirectorypeoplepaulinebujold_6c1fe75cde.png
train,legitimate,sports.yahoo.com,train/legitimate/sports.yahoo.com_81ada1b35c.png
train,legitimate,genuine_narutoforum.blogfree.net,train/legitimate/genuine_narutoforum.blogfree.net_cabce348ca.png
train,legitimate,genuine_malibusmostwanted.warnerbros.com,train/legitimate/genuine_malibusmostwanted.warnerbros.com_046437cf19.png
train,legitimate,genuine_indeed.comcmpcopaken-white-blitt,train/legitimate/genuine_indeed.comcmpcopaken-white-blitt_56741fd999.png
train,legitimate,genuine_uk.ask.comwikisarah_mlynowski,train/legitimate/genuine_uk.ask.comwikisarah_mlynowski_9c9e4110d9.png
train,legitimate,genuine_forum.verygames.netshowthread.php,train/legitimate/genuine_forum.verygames.netshowthread.php_d9b2918c3a.png
train,legitimate,genuine_azlyrics.comlyricsgwenstefanirichgirl.html,train/legitimate/genuine_azlyrics.comlyricsgwenstefanirichgirl.html_c6277e64b6.png
train,legitimate,genuine_basketballrecruiting.rivals.comcontent.asp,train/legitimate/genuine_basketballrecruiting.rivals.comcontent.asp_f554231df3.png
train,legitimate,genuine_comicartfans.comcomic-artistsray_lai.asp,train/legitimate/genuine_comicartfans.comcomic-artistsray_lai.asp_16e094ed4b.png
train,legitimate,genuine_pview.findlaw.comview2600846_1,train/legitimate/genuine_pview.findlaw.comview2600846_1_7e39a977a7.png
train,legitimate,genuine_scholastic.comblueballiettpopupswright3_franklloydwright.htm,train/legitimate/genuine_scholastic.comblueballiettpopupswright3_franklloydwright.htm_d0482604f4.png
train,legitimate,genuine_northdakotatitlesearch.com,train/legitimate/genuine_northdakotatitlesearch.com_8988089aef.png
train,legitimate,genuine_answers.comtopiclouis-honor-fr-chette,train/legitimate/genuine_answers.comtopiclouis-honor-fr-chette_75ee94e00f.png
train,legitimate,genuine_benchmarkreviews.comindex.php,train/legitimate/genuine_benchmarkreviews.comindex.php_c18887ffda.png
train,legitimate,genuine_askart.comaskartckate_carewkate_carew.aspx,train/legitimate/genuine_askart.comaskartckate_carewkate_carew.aspx_6a59f734b7.png
train,legitimate,genuine_en.memory-alpha.orgwikipatricia_tallman,train/legitimate/genuine_en.memory-alpha.orgwikipatricia_tallman_d2cb7e02bd.png
train,legitimate,genuine_arasgallery.comprofile.php,train/legitimate/genuine_arasgallery.comprofile.php_4ef88c9b3c.png
train,legitimate,genuine_limali.blog.fc2.com,train/legitimate/genuine_limali.blog.fc2.com_8504d32b15.png
train,legitimate,genuine_www.chrisarndt.deensoftwarepython,train/legitimate/genuine_www.chrisarndt.deensoftwarepython_bf0372e516.png
train,legitimate,genuine_usvi.netusvignews9612961231gn.html,train/legitimate/genuine_usvi.netusvignews9612961231gn.html_7e0e8309b0.png
train,legitimate,genuine_monsterindia.com,train/legitimate/genuine_monsterindia.com_662e379367.png
train,legitimate,genuine_baseballprospectus.comarticle.php,train/legitimate/genuine_baseballprospectus.comarticle.php_b41c2ab365.png
train,legitimate,genuine_thegloss.comtagpeter-phillips-autumn-kelly-wedding,train/legitimate/genuine_thegloss.comtagpeter-phillips-autumn-kelly-wedding_93c8653278.png
train,legitimate,genuine_nchn.org,train/legitimate/genuine_nchn.org_f623029c85.png
train,legitimate,genuine_theresedoucet.wordpress.com,train/legitimate/genuine_theresedoucet.wordpress.com_1ecd99e882.png
train,legitimate,genuine_answers.comtopicfrederick-twort,train/legitimate/genuine_answers.comtopicfrederick-twort_e34d517a38.png
train,legitimate,genuine_augustschellenberg.combiography.html,train/legitimate/genuine_augustschellenberg.combiography.html_81f9c861ca.png
train,legitimate,genuine_huffingtonpost.comnewscatholic-church,train/legitimate/genuine_huffingtonpost.comnewscatholic-church_d72ccf94ba.png
train,legitimate,genuine_healthgrades.comproviderbruce-pinker-27xmn,train/legitimate/genuine_healthgrades.comproviderbruce-pinker-27xmn_aade147d95.png
train,legitimate,genuine_spokeo.comdonaldbrose,train/legitimate/genuine_spokeo.comdonaldbrose_81e50dc47b.png
train,legitimate,genuine_www.javaworld.comjavaworldjw-06-2001jw-0615-howto.html,train/legitimate/genuine_www.javaworld.comjavaworldjw-06-2001jw-0615-howto.html_d269d9b594.png
train,legitimate,genuine_reelviews.netmoviesaamerican_me.html,train/legitimate/genuine_reelviews.netmoviesaamerican_me.html_88b899f509.png
train,legitimate,genuine_www.blooberry.comindexdothtml,train/legitimate/genuine_www.blooberry.comindexdothtml_534d06ad4e.png
train,legitimate,genuine_trailsidegalleries.comgalleriessculptures,train/legitimate/genuine_trailsidegalleries.comgalleriessculptures_99154ed989.png
train,legitimate,genuine_powells.combiblio1-9780140178777-0,train/legitimate/genuine_powells.combiblio1-9780140178777-0_1392899f30.png
train,legitimate,genuine_java.sun.comproductsjavawebstartdocsjavadocindex.html,train/legitimate/genuine_java.sun.comproductsjavawebstartdocsjavadocindex.html_c54b34ce44.png
train,legitimate,genuine_espn.go.comnhlplayer_id1084mario-lemieux,train/legitimate/genuine_espn.go.comnhlplayer_id1084mario-lemieux_f5dae8a973.png
train,legitimate,genuine_fliiby.comsearch.php,train/legitimate/genuine_fliiby.comsearch.php_7541d2fbb0.png
train,legitimate,genuine_education.comschoolfinderuscaliforniasan-franciscost-elizabeth-school,train/legitimate/genuine_education.comschoolfinderuscaliforniasan-franciscost-elizabeth-school_4fcefad462.png
train,legitimate,genuine_jacksonville.comtu-onlinestories0519971c3cyclo.html,train/legitimate/genuine_jacksonville.comtu-onlinestories0519971c3cyclo.html_b8983f6367.png
train,legitimate,genuine_boxrec.comlist_bouts.php,train/legitimate/genuine_boxrec.comlist_bouts.php_2ffff4b40f.png
train,legitimate,genuine_flickr.comphotosfloridamemory3341375526,train/legitimate/genuine_flickr.comphotosfloridamemory3341375526_3ec4c205ab.png
train,legitimate,genuine_articleencyclopedia.blogspot.com,train/legitimate/genuine_articleencyclopedia.blogspot.com_8ccba23e33.png
train,legitimate,genuine_www.consumerreports.orgcroelectronics-computerscell-phonescell-phones-subindex.h,train/legitimate/genuine_www.consumerreports.orgcroelectronics-computerscell-phonescell-phones-subindex.h_b0f7faa9c5.png
train,legitimate,genuine_chlorion.comcontact.php,train/legitimate/genuine_chlorion.comcontact.php_ce2f06963a.png
train,legitimate,linkedin.com,train/legitimate/linkedin.com_438d3c17ff.png
train,legitimate,genuine_www.pske.ru,train/legitimate/genuine_www.pske.ru_30ec54582d.png
train,legitimate,genuine_archiseek.com20101904-eatons-department-store-winnipeg-manitoba,train/legitimate/genuine_archiseek.com20101904-eatons-department-store-winnipeg-manitoba_b0c3a628a0.png
train,legitimate,genuine_junkie-xl.thelyricarchive.comquantum-redshift-soundtrack,train/legitimate/genuine_junkie-xl.thelyricarchive.comquantum-redshift-soundtrack_ee796ae4df.png
train,legitimate,genuine_kesslerhomes.comapartments.php,train/legitimate/genuine_kesslerhomes.comapartments.php_1cd5b1f8c5.png
train,legitimate,genuine_oregonapwa.org,train/legitimate/genuine_oregonapwa.org_1da6c5608c.png
train,legitimate,genuine_www.macs.hw.ac.ukpdw,train/legitimate/genuine_www.macs.hw.ac.ukpdw_da68113f0b.png
train,legitimate,genuine_wn.compat_martino__episode_30,train/legitimate/genuine_wn.compat_martino_episode_30_68144bdac0.png
train,legitimate,genuine_centrebell.caenpagetickets,train/legitimate/genuine_centrebell.caenpagetickets_e75f2a1d69.png
train,legitimate,genuine_spokeo.comdalescott,train/legitimate/genuine_spokeo.comdalescott_4b47355727.png
train,legitimate,genuine_www.webedi.co.ukindex.php,train/legitimate/genuine_www.webedi.co.ukindex.php_a5fce99d27.png
train,legitimate,genuine_archiver.rootsweb.ancestry.comthreadqbc-montreal2007-061182837880,train/legitimate/genuine_archiver.rootsweb.ancestry.comthreadqbc-montreal2007-061182837880_b0132b7d6f.png
train,legitimate,genuine_charlesbruneau.qc.catour-cibcen,train/legitimate/genuine_charlesbruneau.qc.catour-cibcen_f76cf0ff12.png
train,legitimate,genuine_citymelt.comcitymassachusettslowellcity-ma.html,train/legitimate/genuine_citymelt.comcitymassachusettslowellcity-ma.html_193ca77483.png
train,legitimate,genuine_www.fabriclink.comdictionariestextile.cfm,train/legitimate/genuine_www.fabriclink.comdictionariestextile.cfm_fd3b2aad34.png
train,legitimate,genuine_lesitedeschampions.cacurlingcand.html,train/legitimate/genuine_lesitedeschampions.cacurlingcand.html_cc8f25e3d7.png
train,legitimate,genuine_afrodizz.com.hostlogr.com,train/legitimate/genuine_afrodizz.com.hostlogr.com_f9be1a458f.png
train,legitimate,genuine_nibs.com,train/legitimate/genuine_nibs.com_e167b05d83.png
train,legitimate,genuine_texassports.comsportsw-soccerstats2007-2008utscgm13.html,train/legitimate/genuine_texassports.comsportsw-soccerstats2007-2008utscgm13.html_863bd278e6.png
train,legitimate,genuine_amazon.comreflexiones-para-mujeres-que-trabajandp9701015185,train/legitimate/genuine_amazon.comreflexiones-para-mujeres-que-trabajandp9701015185_c9b46296e3.png
train,legitimate,genuine_gradschools.comschool-detailsuniversity-of-north-carolina-at-chapel-hill-63632,train/legitimate/genuine_gradschools.comschool-detailsuniversity-of-north-carolina-at-chapel-hill-63632_b03802d990.png
train,legitimate,genuine_www.varian.netdreamviewdreamtubesindex.html,train/legitimate/genuine_www.varian.netdreamviewdreamtubesindex.html_8925c4c859.png
train,legitimate,genuine_music.yahoo.comdragonlord,train/legitimate/genuine_music.yahoo.comdragonlord_1a329d2131.png
train,legitimate,genuine_encyclopedia.comtopicwilliam_drummond.aspx,train/legitimate/genuine_encyclopedia.comtopicwilliam_drummond.aspx_a31c372a35.png
train,legitimate,genuine_bbs.keyhole.comubbubbthreads.php,train/legitimate/genuine_bbs.keyhole.comubbubbthreads.php_a9e6cb4007.png
train,legitimate,genuine_musicvideoswiz.comartistjolie20cherie,train/legitimate/genuine_musicvideoswiz.comartistjolie20cherie_713b454dd0.png
train,legitimate,genuine_travelingluck.comeuropecroatiazagrebac48dka_3190314_soc5a1ice.html,train/legitimate/genuine_travelingluck.comeuropecroatiazagrebac48dka_3190314_soc5a1ice.html_000f0f9f6b.png
train,legitimate,genuine_www.validome.orggrammar,train/legitimate/genuine_www.validome.orggrammar_c1f53f4b5a.png
train,legitimate,genuine_superpages.combpberkley-mirichard-p-zipser-l0082531459.htm,train/legitimate/genuine_superpages.combpberkley-mirichard-p-zipser-l0082531459.htm_a5162b2673.png
train,legitimate,genuine_yellowpages.cabusquebecmontreall-philippe-leduc2360567.html,train/legitimate/genuine_yellowpages.cabusquebecmontreall-philippe-leduc2360567.html_de0c75f794.png
train,legitimate,genuine_thomasaviation.net,train/legitimate/genuine_thomasaviation.net_3afe464461.png
train,legitimate,genuine_uconnhuskies.comsportsm-baskblspec-rel030810aaa.html,train/legitimate/genuine_uconnhuskies.comsportsm-baskblspec-rel030810aaa.html_315b8a26b6.png
train,legitimate,genuine_tools.ietf.orghtmlrfc2867,train/legitimate/genuine_tools.ietf.orghtmlrfc2867_d4c9127582.png
train,legitimate,genuine_idiotlollipops.wordpress.com,train/legitimate/genuine_idiotlollipops.wordpress.com_f8d9ed140b.png
train,legitimate,genuine_ohioline.osu.eduhyg-fact50005541.html,train/legitimate/genuine_ohioline.osu.eduhyg-fact50005541.html_12384f46fc.png
train,legitimate,genuine_nejedly.cazn_publications.html,train/legitimate/genuine_nejedly.cazn_publications.html_2e7c12992f.png
train,legitimate,genuine_answers.comtopicsaratoga-trunk,train/legitimate/genuine_answers.comtopicsaratoga-trunk_e0e288a0fb.png
train,legitimate,genuine_goodmanspeakersbureau.combiographiescrawford_craig.htm,train/legitimate/genuine_goodmanspeakersbureau.combiographiescrawford_craig.htm_d3ef28c420.png
train,legitimate,genuine_reubique.combonus.htm,train/legitimate/genuine_reubique.combonus.htm_701352ca73.png
train,legitimate,genuine_christianitytoday.comct2003july31.28.html,train/legitimate/genuine_christianitytoday.comct2003july31.28.html_8c552d6ae8.png
train,legitimate,genuine_citizendia.orgkgo-tv,train/legitimate/genuine_citizendia.orgkgo-tv_3027875e84.png
train,legitimate,genuine_corporationwiki.comcaliforniasanta-rosawerle-enterprises-llc47636040.aspx,train/legitimate/genuine_corporationwiki.comcaliforniasanta-rosawerle-enterprises-llc47636040.aspx_f72a30eac8.png
train,legitimate,genuine_liffiton.net,train/legitimate/genuine_liffiton.net_66213c30d4.png
train,legitimate,genuine_whosdatedwho.comtpx_691388sigmund-and-the-sea-monsters,train/legitimate/genuine_whosdatedwho.comtpx_691388sigmund-and-the-sea-monsters_bef6acfcbf.png
train,legitimate,genuine_iagenweb.orgjasperfamilieshitchlerd10.htm,train/legitimate/genuine_iagenweb.orgjasperfamilieshitchlerd10.htm_790de36648.png
train,legitimate,genuine_ballotpedia.orgwikiindex.phpkamala_d._harris,train/legitimate/genuine_ballotpedia.orgwikiindex.phpkamala_d._harris_6b6c85c2c6.png
train,legitimate,genuine_tools.ietf.orghtmlrfc2997,train/legitimate/genuine_tools.ietf.orghtmlrfc2997_2a8672276a.png
train,legitimate,genuine_facebook.compageseric-fernsten108670529157055,train/legitimate/genuine_facebook.compageseric-fernsten108670529157055_3fe6f9eb40.png
train,legitimate,genuine_forttours.compageshmshack.asp,train/legitimate/genuine_forttours.compageshmshack.asp_a0a6e0b81e.png
train,legitimate,genuine_familytreeassistant.comsurnamesstewart-family-tree.html,train/legitimate/genuine_familytreeassistant.comsurnamesstewart-family-tree.html_c24c6ad867.png
train,legitimate,spoke.com,train/legitimate/spoke.com_5f4179f9f8.png
train,legitimate,genuine_riskybusinesses.com,train/legitimate/genuine_riskybusinesses.com_4984f1a42f.png
train,legitimate,genuine_amazon.comblackening-machine-headdpb000n3st9i,train/legitimate/genuine_amazon.comblackening-machine-headdpb000n3st9i_400f05d97c.png
train,legitimate,genuine_youtubedoubler.com,train/legitimate/genuine_youtubedoubler.com_e722ced5b0.png
train,legitimate,genuine_facebook.comrobert.ouellet,train/legitimate/genuine_facebook.comrobert.ouellet_d6a3660381.png
train,legitimate,genuine_houseofnames.comdesjarlais-family-crest,train/legitimate/genuine_houseofnames.comdesjarlais-family-crest_cedd5aa7ab.png
train,legitimate,genuine_icehockey.wikia.comwikiserge_aubry,train/legitimate/genuine_icehockey.wikia.comwikiserge_aubry_aeed23d40a.png
train,legitimate,genuine_autopartswarehouse.comdetailsqqchevroletqqcavalierqqfelproqqexhaust_pipe_gasketq,train/legitimate/genuine_autopartswarehouse.comdetailsqqchevroletqqcavalierqqfelproqqexhaust_pipe_gasketq_48d9e0787f.png
train,legitimate,genuine_wheresbest.co.ukloc-searchgc153,train/legitimate/genuine_wheresbest.co.ukloc-searchgc153_303268367f.png
train,legitimate,genuine_cinematreasures.orgtheaters6334,train/legitimate/genuine_cinematreasures.orgtheaters6334_53bd45953d.png
train,legitimate,genuine_duckduckgo.com1cfellows_of_the_royal_geographical_society,train/legitimate/genuine_duckduckgo.com1cfellows_of_the_royal_geographical_society_51ba3712c4.png
train,legitimate,genuine_adb.anu.edu.aubiographygrey-henry-george-2126,train/legitimate/genuine_adb.anu.edu.aubiographygrey-henry-george-2126_aae3725e29.png
train,legitimate,genuine_johnlscott.comwabellinghambarkley,train/legitimate/genuine_johnlscott.comwabellinghambarkley_abaf5baa30.png
train,legitimate,genuine_denverrealestate.com,train/legitimate/genuine_denverrealestate.com_9169a080f6.png
train,legitimate,genuine_ktul.comcategory191288sports-oklahoma-sooners,train/legitimate/genuine_ktul.comcategory191288sports-oklahoma-sooners_dbd06bb8eb.png
train,legitimate,genuine_www.jdlincoln.comdefault.htm,train/legitimate/genuine_www.jdlincoln.comdefault.htm_a0e67840cd.png
train,legitimate,genuine_marketwire.compress-releaseenbridge-acquire-conocophillipss-interest-seaway-crud,train/legitimate/genuine_marketwire.compress-releaseenbridge-acquire-conocophillipss-interest-seaway-crud_68ddcbab7d.png
train,legitimate,genuine_imdb.comtitlett1972694,train/legitimate/genuine_imdb.comtitlett1972694_62ef7b7e6e.png
train,legitimate,genuine_zoominfo.compeoplemacdonald_brian_18626369.aspx,train/legitimate/genuine_zoominfo.compeoplemacdonald_brian_18626369.aspx_30a21315b8.png
train,legitimate,genuine_en.wikipedia.orgwikitilley_lamp,train/legitimate/genuine_en.wikipedia.orgwikitilley_lamp_5cd8dd50f4.png
train,legitimate,genuine_yellowpages.lycos.comsearch,train/legitimate/genuine_yellowpages.lycos.comsearch_659efd44da.png
train,legitimate,genuine_movieweb.commovieoranges-and-sunshineexclusive-margaret-humphreys-and-jim-loach-,train/legitimate/genuine_movieweb.commovieoranges-and-sunshineexclusive-margaret-humphreys-and-jim-loach-_1947ffe6d9.png
train,legitimate,genuine_music.yahoo.coma-static-lullabyvideos,train/legitimate/genuine_music.yahoo.coma-static-lullabyvideos_a53be70ee1.png
train,legitimate,genuine_ksn.comcontentsportslocalsportsstorynewman-announces-2010-11-men-s-basketball-si,train/legitimate/genuine_ksn.comcontentsportslocalsportsstorynewman-announces-2010-11-men-s-basketball-si_d69a92c33f.png
train,legitimate,genuine_spokeo.combernardshapiro,train/legitimate/genuine_spokeo.combernardshapiro_aee23d22c4.png
train,legitimate,genuine_www.frimmin.compoetrydandelionalt.php,train/legitimate/genuine_www.frimmin.compoetrydandelionalt.php_5d759e2e3f.png
train,legitimate,genuine_www.stylusstudio.comschema_aware.html,train/legitimate/genuine_www.stylusstudio.comschema_aware.html_f014eddbff.png
train,legitimate,acronyms.thefreedictionary.com,train/legitimate/acronyms.thefreedictionary.com_ef2d2ea900.png
train,legitimate,genuine_zoominfo.compeopledollas_bobby_603125597.aspx,train/legitimate/genuine_zoominfo.compeopledollas_bobby_603125597.aspx_10d63f632b.png
train,legitimate,genuine_absoluteastronomy.comtopicstv5monde,train/legitimate/genuine_absoluteastronomy.comtopicstv5monde_52c4180273.png
train,legitimate,genuine_thinkrightnow.com,train/legitimate/genuine_thinkrightnow.com_ee476303a8.png
train,legitimate,genuine_www.site.uottawa.cafbinardea,train/legitimate/genuine_www.site.uottawa.cafbinardea_787f29b6fb.png
train,legitimate,genuine_archive.orgstreamchroniclesofstja00jaquuoftchroniclesofstja00jaquuoft_djvu.txt,train/legitimate/genuine_archive.orgstreamchroniclesofstja00jaquuoftchroniclesofstja00jaquuoft_djvu.txt_3fe7cf16cb.png
train,legitimate,lemonfree.com,train/legitimate/lemonfree.com_2460ca9e7a.png
train,legitimate,genuine_amazon.coms,train/legitimate/genuine_amazon.coms_cafafbc9ed.png
train,legitimate,genuine_dailymotion.comvideoxfyamc_michele-scarabelli_shortfilms,train/legitimate/genuine_dailymotion.comvideoxfyamc_michele-scarabelli_shortfilms_2983c9ab60.png
train,legitimate,tvlistings.zap2it.com,train/legitimate/tvlistings.zap2it.com_5f2bce0402.png
train,legitimate,genuine_voyager2.htmlplanet.comsensors_srvr.html,train/legitimate/genuine_voyager2.htmlplanet.comsensors_srvr.html_a34e4d6036.png
train,legitimate,genuine_manta.comcmmdmd4weast-of-chicago-pizza-co,train/legitimate/genuine_manta.comcmmdmd4weast-of-chicago-pizza-co_3e637e2a73.png
train,legitimate,genuine_absoluteastronomy.comtopicslist_of_united_states_coast_guard_cutters,train/legitimate/genuine_absoluteastronomy.comtopicslist_of_united_states_coast_guard_cutters_3fb5b07a46.png
train,legitimate,genuine_freebase.comviewm02p9s_p,train/legitimate/genuine_freebase.comviewm02p9s_p_e84eb8af85.png
train,legitimate,genuine_mzyuos.typepad.comblog201111new-two-weeks-to-live-movie.html,train/legitimate/genuine_mzyuos.typepad.comblog201111new-two-weeks-to-live-movie.html_dc7ea12b2a.png
train,legitimate,genuine_missouriozarks.orgparks.html,train/legitimate/genuine_missouriozarks.orgparks.html_397fd2cf98.png
train,legitimate,genuine_myspace.comarkenstonerblog23160144,train/legitimate/genuine_myspace.comarkenstonerblog23160144_8ab610ec30.png
train,legitimate,genuine_gospires.com,train/legitimate/genuine_gospires.com_e021a3c764.png
train,legitimate,genuine_centericecollectibles.comindex.aspx,train/legitimate/genuine_centericecollectibles.comindex.aspx_3d00cb5f4e.png
train,legitimate,genuine_twitter.comamericanidiotny,train/legitimate/genuine_twitter.comamericanidiotny_69313788a7.png
train,legitimate,genuine_waltersfuneralhome.com,train/legitimate/genuine_waltersfuneralhome.com_c5fe22355f.png
train,legitimate,genuine_jewishdatabank.orgstudy_canada_montreal.asp,train/legitimate/genuine_jewishdatabank.orgstudy_canada_montreal.asp_40e3db50a5.png
train,legitimate,genuine_www.ululatus.orgsleepybot,train/legitimate/genuine_www.ululatus.orgsleepybot_dcef016dae.png
train,legitimate,genuine_play.tmstory1666,train/legitimate/genuine_play.tmstory1666_9a997fff71.png
train,legitimate,genuine_saugeentimes.com,train/legitimate/genuine_saugeentimes.com_57fee93c38.png
train,legitimate,genuine_www.ab-ratio.comuniface,train/legitimate/genuine_www.ab-ratio.comuniface_6b5b1fc773.png
train,legitimate,legacy.com,train/legitimate/legacy.com_14b618bee4.png
train,legitimate,genuine_en.wikipedia.orgwikibert_combs,train/legitimate/genuine_en.wikipedia.orgwikibert_combs_c714acddb1.png
train,legitimate,genuine_usa-people-search.comfind-david-mello.aspx,train/legitimate/genuine_usa-people-search.comfind-david-mello.aspx_c3cd9d9c6f.png
train,legitimate,genuine_sourceforge.netprojectsbayespam,train/legitimate/genuine_sourceforge.netprojectsbayespam_24c5c67330.png
train,legitimate,genuine_absoluteastronomy.comtopicsmarcelle_ferron,train/legitimate/genuine_absoluteastronomy.comtopicsmarcelle_ferron_99517774b0.png
train,legitimate,genuine_oceancitymd.govpublic_worksairport.html,train/legitimate/genuine_oceancitymd.govpublic_worksairport.html_11280d9292.png
train,legitimate,genuine_en.wikipedia.orgwikijean_dorc3a9,train/legitimate/genuine_en.wikipedia.orgwikijean_dorc3a9_acf6e0ccdd.png
train,legitimate,genuine_sports790.compagesglenndavis.html,train/legitimate/genuine_sports790.compagesglenndavis.html_3cb95af26e.png
train,legitimate,genuine_renetrailer.cainfo2.htm,train/legitimate/genuine_renetrailer.cainfo2.htm_2f49eab454.png
train,legitimate,genuine_pbskids.orgzoomactivitiessci,train/legitimate/genuine_pbskids.orgzoomactivitiessci_59fc141c85.png
train,legitimate,genuine_sanfrancisco.comhistory,train/legitimate/genuine_sanfrancisco.comhistory_20dc5cad65.png
train,legitimate,genuine_cio.com.auarticle325323cio_blast_from_past_40_years_multics_1969-2009,train/legitimate/genuine_cio.com.auarticle325323cio_blast_from_past_40_years_multics_1969-2009_d20318e52e.png
train,legitimate,genuine_crankyflier.comcategoryairlinemesa-airlines,train/legitimate/genuine_crankyflier.comcategoryairlinemesa-airlines_9de294884b.png
train,legitimate,genuine_baseball-reference.complayersggoodwcu01.shtml,train/legitimate/genuine_baseball-reference.complayersggoodwcu01.shtml_b186c32d81.png
train,legitimate,genuine_newtonhockey.orgid1.html,train/legitimate/genuine_newtonhockey.orgid1.html_8065579aad.png
train,legitimate,genuine_en.wikipedia.orgwikiernest_truex,train/legitimate/genuine_en.wikipedia.orgwikiernest_truex_255cba8ea7.png
train,legitimate,genuine_linkedin.compubneal-sumner9b34a15,train/legitimate/genuine_linkedin.compubneal-sumner9b34a15_22495b0a15.png
train,legitimate,genuine_angieslist.comcompanylistgrand-rapidscontractor.htm,train/legitimate/genuine_angieslist.comcompanylistgrand-rapidscontractor.htm_9121765854.png
train,legitimate,genuine_tools.ietf.orghtmlrfc3064,train/legitimate/genuine_tools.ietf.orghtmlrfc3064_ba88d1d7f2.png
train,legitimate,genuine_yelp.combizthomas-hart-benton-home-kansas-city,train/legitimate/genuine_yelp.combizthomas-hart-benton-home-kansas-city_85b8673ada.png
train,legitimate,genuine_ckuik.comtigger,train/legitimate/genuine_ckuik.comtigger_5fed69f60e.png
train,legitimate,genuine_movies.msn.comcelebritiescelebrity-biographywillis-b-bouchey,train/legitimate/genuine_movies.msn.comcelebritiescelebrity-biographywillis-b-bouchey_de8cdf6469.png
train,legitimate,genuine_www.daimi.au.dkbeta,train/legitimate/genuine_www.daimi.au.dkbeta_0b93cf97b2.png
train,legitimate,genuine_www.websupergoo.comproducts.htm,train/legitimate/genuine_www.websupergoo.comproducts.htm_d5e9865a47.png
train,legitimate,genuine_findagrave.comphpfamous.php,train/legitimate/genuine_findagrave.comphpfamous.php_0e5462cdd0.png
train,legitimate,genuine_en.wikipedia.orgwikicategorywolverhampton_wanderers_f.c._players,train/legitimate/genuine_en.wikipedia.orgwikicategorywolverhampton_wanderers_f.c._players_4848bcaa7e.png
train,legitimate,genuine_www.jeffjournal.orgpapersvolume3gibson.pdf,train/legitimate/genuine_www.jeffjournal.orgpapersvolume3gibson.pdf_e7d147f326.png
train,legitimate,genuine_gov.state.la.usindex.cfm,train/legitimate/genuine_gov.state.la.usindex.cfm_1a67682e1e.png
train,legitimate,genuine_handbook.aerohb_charterpage.html,train/legitimate/genuine_handbook.aerohb_charterpage.html_bed35390b7.png
train,legitimate,genuine_biography.comtvaftermath-with-william-shatner,train/legitimate/genuine_biography.comtvaftermath-with-william-shatner_d724c59d1a.png
train,legitimate,genuine_sourceforge.netprojectsphposxom,train/legitimate/genuine_sourceforge.netprojectsphposxom_2df1172572.png
train,legitimate,genuine_painofsslvation.comband.rhtml,train/legitimate/genuine_painofsslvation.comband.rhtml_d57a32fbc0.png
train,legitimate,genuine_brothersoft.comgamesdownloadtirez-moi-com.html,train/legitimate/genuine_brothersoft.comgamesdownloadtirez-moi-com.html_65ce3c6c66.png
train,legitimate,genuine_washingtonexaminer.comnews201111safrica-top-politician-faces-bribery-accusations,train/legitimate/genuine_washingtonexaminer.comnews201111safrica-top-politician-faces-bribery-accusations_9feea197db.png
train,legitimate,genuine_www.destroydrop.comjavascriptstree,train/legitimate/genuine_www.destroydrop.comjavascriptstree_8925cc039c.png
train,legitimate,genuine_spallinger.com,train/legitimate/genuine_spallinger.com_93c2cb8074.png
train,legitimate,genuine_juabhigh.comnewpage1.htm,train/legitimate/genuine_juabhigh.comnewpage1.htm_dd22f8f19f.png
train,legitimate,genuine_music.yahoo.comnorma-fraser,train/legitimate/genuine_music.yahoo.comnorma-fraser_b803fc0f22.png
train,legitimate,genuine_home.btconnect.comhearing-aid-tech,train/legitimate/genuine_home.btconnect.comhearing-aid-tech_d9a3b2d2bb.png
train,legitimate,genuine_oac.cdlib.orgview,train/legitimate/genuine_oac.cdlib.orgview_9000ba7576.png
train,legitimate,genuine_en.wikipedia.orgwiki8th_canadian_hussars,train/legitimate/genuine_en.wikipedia.orgwiki8th_canadian_hussars_b65c3bcb0a.png
train,legitimate,genuine_code.google.complegstar-pli2cob,train/legitimate/genuine_code.google.complegstar-pli2cob_55a2f69965.png
train,legitimate,genuine_snooth.comwinerycharles-b-mitchell-vineyards-fair-play,train/legitimate/genuine_snooth.comwinerycharles-b-mitchell-vineyards-fair-play_00342b4f40.png
train,legitimate,genuine_thegoatparade.com20117162278505preview-new-york-red-bulls-at-chivas-usa-july-16-,train/legitimate/genuine_thegoatparade.com20117162278505preview-new-york-red-bulls-at-chivas-usa-july-16-_29a8ba4d0b.png
train,legitimate,genuine_answers.comtopicmonique-mercure,train/legitimate/genuine_answers.comtopicmonique-mercure_618f1c12ca.png
train,legitimate,genuine_cornielyrics.orglyricsfcass_fox5315touch_me,train/legitimate/genuine_cornielyrics.orglyricsfcass_fox5315touch_me_a37f5d12d1.png
train,legitimate,genuine_dbpubs.stanford.edupubshowdoc.fulltext,train/legitimate/genuine_dbpubs.stanford.edupubshowdoc.fulltext_d53ba2af2c.png
train,legitimate,genuine_bluejackets.nhl.comclubnews.htm,train/legitimate/genuine_bluejackets.nhl.comclubnews.htm_9a74327a20.png
train,legitimate,genuine_usfigureskating.orgshell.asp,train/legitimate/genuine_usfigureskating.orgshell.asp_c6f26d48fe.png
train,legitimate,genuine_wiki.answers.comqwhen_was_the_first_home_computer_invented,train/legitimate/genuine_wiki.answers.comqwhen_was_the_first_home_computer_invented_5cbcb7a121.png
train,legitimate,genuine_www.isi.edulsamtoolswww_search,train/legitimate/genuine_www.isi.edulsamtoolswww_search_05f37d2b53.png
train,legitimate,genuine_jewishgen.orgyizkorbukowinabookbukowina.html,train/legitimate/genuine_jewishgen.orgyizkorbukowinabookbukowina.html_54908fe3d6.png
train,legitimate,genuine_skyarts.co.ukmusicarticlequeen-rock-montreal,train/legitimate/genuine_skyarts.co.ukmusicarticlequeen-rock-montreal_48b0a5777e.png
train,legitimate,genuine_absoluteastronomy.comtopicsballymena,train/legitimate/genuine_absoluteastronomy.comtopicsballymena_bcc48cae6e.png
train,legitimate,autopartswarehouse.com,train/legitimate/autopartswarehouse.com_103d4ff453.png
train,legitimate,genuine_www.avalanchepress.comgamerpc.html,train/legitimate/genuine_www.avalanchepress.comgamerpc.html_e42d4d0a51.png
train,legitimate,genuine_selfstoragefinders.comzillah-wa-self-storage.aspx,train/legitimate/genuine_selfstoragefinders.comzillah-wa-self-storage.aspx_1ac22f22b0.png
train,legitimate,genuine_www.anglo.german.clara.nete-frontpagee-frontpage.html,train/legitimate/genuine_www.anglo.german.clara.nete-frontpagee-frontpage.html_d0601ef397.png
train,legitimate,genuine_ourcampaigns.comcandidatedetail.html,train/legitimate/genuine_ourcampaigns.comcandidatedetail.html_544ffba112.png
train,legitimate,genuine_www.shikoku.co.jpeng,train/legitimate/genuine_www.shikoku.co.jpeng_60612c4171.png
train,legitimate,genuine_wcwrules4lyf.wordpress.com20080424slamboree-1993-a-legends-reunion,train/legitimate/genuine_wcwrules4lyf.wordpress.com20080424slamboree-1993-a-legends-reunion_a247e7a58f.png
train,legitimate,genuine_sarodibartolo.itphg-show.htm,train/legitimate/genuine_sarodibartolo.itphg-show.htm_dbbe52fdf5.png
train,legitimate,genuine_home.comcast.netrichardson156wagers.html,train/legitimate/genuine_home.comcast.netrichardson156wagers.html_447a8cc4fb.png
train,legitimate,genuine_linkedin.comcompanyfasken-martineau-dumoulin,train/legitimate/genuine_linkedin.comcompanyfasken-martineau-dumoulin_cdf8502d6a.png
train,legitimate,genuine_diagar.com27581-agora-agora-2009-dvdrip-smotret-onlajn.html,train/legitimate/genuine_diagar.com27581-agora-agora-2009-dvdrip-smotret-onlajn.html_efbd023f8f.png
train,legitimate,genuine_legacy.comobituariesnytimesobituary.aspx,train/legitimate/genuine_legacy.comobituariesnytimesobituary.aspx_0cc01fc682.png
train,legitimate,genuine_cspotrun.en.softonic.compalm,train/legitimate/genuine_cspotrun.en.softonic.compalm_4fc2eb2c2b.png
train,legitimate,genuine_robojapan.blogspot.com200908putting-legendary-pictures-godzilla.html,train/legitimate/genuine_robojapan.blogspot.com200908putting-legendary-pictures-godzilla.html_214771e7ba.png
train,legitimate,genuine_imdb.comtitlett0253474,train/legitimate/genuine_imdb.comtitlett0253474_39b4e7ebad.png
train,legitimate,genuine_lyricsmania.comkrizz_kaliko_lyrics.html,train/legitimate/genuine_lyricsmania.comkrizz_kaliko_lyrics.html_76867d8acd.png
train,legitimate,genuine_destroyers.orgsmrfofilesdirfo.html,train/legitimate/genuine_destroyers.orgsmrfofilesdirfo.html_fe9ebc6a52.png
train,legitimate,genuine_imdb.comnamenm0001739,train/legitimate/genuine_imdb.comnamenm0001739_9282d7e9da.png
train,legitimate,genuine_facebook.comemptiness.ankitshukla,train/legitimate/genuine_facebook.comemptiness.ankitshukla_d76b2440d4.png
train,legitimate,genuine_ibiblio.orghyperwarusnshipsships-cg.html,train/legitimate/genuine_ibiblio.orghyperwarusnshipsships-cg.html_8733f11531.png
train,legitimate,genuine_leveillee.netguestbookguestbook.html,train/legitimate/genuine_leveillee.netguestbookguestbook.html_00cb99f2f8.png
train,legitimate,genuine_techgage.comarticlelavalys_everest_ultimate_edition_30,train/legitimate/genuine_techgage.comarticlelavalys_everest_ultimate_edition_30_a659cb994d.png
train,legitimate,genuine_last.fmmusicshankar-ehsaan-loy,train/legitimate/genuine_last.fmmusicshankar-ehsaan-loy_00146a185d.png
train,legitimate,genuine_montrealkiosk.comroyal-montreal-golf-club.php,train/legitimate/genuine_montrealkiosk.comroyal-montreal-golf-club.php_90dd1f1029.png
train,legitimate,genuine_montrealgazette.combusinessmontrealsymphonyorchestrafromlotoquc3a9bec3464602stor,train/legitimate/genuine_montrealgazette.combusinessmontrealsymphonyorchestrafromlotoquc3a9bec3464602stor_068471edb1.png
train,legitimate,genuine_www.sudoku9981.comsudoku-puzzles,train/legitimate/genuine_www.sudoku9981.comsudoku-puzzles_a45d2ec825.png
train,legitimate,genuine_pview.findlaw.comview2600092_1,train/legitimate/genuine_pview.findlaw.comview2600092_1_f732f0d520.png
train,legitimate,genuine_visitstoke.co.ukthedms.aspx,train/legitimate/genuine_visitstoke.co.ukthedms.aspx_1e016aab27.png
train,legitimate,genuine_womeningovernment.orglegislatorsstate,train/legitimate/genuine_womeningovernment.orglegislatorsstate_646d149f26.png
train,legitimate,genuine_facebook.compeoplemike-dopud769290610,train/legitimate/genuine_facebook.compeoplemike-dopud769290610_1ce94498e8.png
train,legitimate,genuine_www.devx.comcplus,train/legitimate/genuine_www.devx.comcplus_7b43ae9e6c.png
train,legitimate,genuine_profectio.comlogibec-groupe-informatique-ltd-acquires-reps-software,train/legitimate/genuine_profectio.comlogibec-groupe-informatique-ltd-acquires-reps-software_e9eb12203d.png
train,legitimate,genuine_search.barnesandnoble.comfighting-for-lifewalter-j-onge9780801413421,train/legitimate/genuine_search.barnesandnoble.comfighting-for-lifewalter-j-onge9780801413421_9c0663cf26.png
train,legitimate,genuine_users.rcn.comwmhelpwmarchitect,train/legitimate/genuine_users.rcn.comwmhelpwmarchitect_50c994da2d.png
train,legitimate,genuine_flickr.compeoplejordancurtis,train/legitimate/genuine_flickr.compeoplejordancurtis_f2d109d1d6.png
train,legitimate,genuine_caldercats.comgerrard_linkssamuel-awg-brother.html,train/legitimate/genuine_caldercats.comgerrard_linkssamuel-awg-brother.html_5c9b0b992d.png
train,legitimate,genuine_cduniverse.comproductinfo.asp,train/legitimate/genuine_cduniverse.comproductinfo.asp_7883049c07.png
train,legitimate,genuine_absoluteastronomy.comtopicscasimir_pierre_perier,train/legitimate/genuine_absoluteastronomy.comtopicscasimir_pierre_perier_0ecc095dc4.png
train,legitimate,genuine_wikimapia.orgcountrymexicochihuahua,train/legitimate/genuine_wikimapia.orgcountrymexicochihuahua_22a51ceb99.png
train,legitimate,genuine_cerc.co.ukenvironmental-softwareadms-roads-model.html,train/legitimate/genuine_cerc.co.ukenvironmental-softwareadms-roads-model.html_d9e5b459f9.png
train,legitimate,citizendia.org,train/legitimate/citizendia.org_e843f3655d.png
train,legitimate,genuine_jewishhumorcentral.com201105famous-and-beautiful-jewish-actors-and.html,train/legitimate/genuine_jewishhumorcentral.com201105famous-and-beautiful-jewish-actors-and.html_b8e9ef8950.png
train,legitimate,genuine_examiner.comexploring-oakland-in-oaklandcinco-de-mayo-cancelled-oakland-s-fruitv,train/legitimate/genuine_examiner.comexploring-oakland-in-oaklandcinco-de-mayo-cancelled-oakland-s-fruitv_5a217333f7.png
train,legitimate,genuine_imdb.comnamenm0888345,train/legitimate/genuine_imdb.comnamenm0888345_fe5e3d898a.png
train,legitimate,genuine_strangemusicinc.netp31big-scoob-monsterifik-autographed-posterproduct_info.html,train/legitimate/genuine_strangemusicinc.netp31big-scoob-monsterifik-autographed-posterproduct_info.html_98269540ae.png
train,legitimate,genuine_www.editpadpro.comeditpadlite.html,train/legitimate/genuine_www.editpadpro.comeditpadlite.html_51114e42c8.png
train,legitimate,genuine_fanpix.netgalleryquincy-jones-pictures.htm,train/legitimate/genuine_fanpix.netgalleryquincy-jones-pictures.htm_c9c8ecc475.png
train,legitimate,genuine_en.wikipedia.orgwikiyanick_dupre_memorial_award,train/legitimate/genuine_en.wikipedia.orgwikiyanick_dupre_memorial_award_03249ae015.png
train,legitimate,genuine_rabble.cablogsbloggersderrick201104will-liberal-party-become-another-casualty-ca,train/legitimate/genuine_rabble.cablogsbloggersderrick201104will-liberal-party-become-another-casualty-ca_3834c7cabf.png
train,legitimate,genuine_depositaccounts.comsavings,train/legitimate/genuine_depositaccounts.comsavings_0595d186b2.png
train,legitimate,genuine_en.wikipedia.orgwikiwilliam_b._shubb,train/legitimate/genuine_en.wikipedia.orgwikiwilliam_b._shubb_9337eb4015.png
train,legitimate,genuine_www.popdrops.comfreescreencapturesoftware,train/legitimate/genuine_www.popdrops.comfreescreencapturesoftware_3de6f97828.png
train,legitimate,genuine_itunes.apple.comusartistal-jardineid41068661,train/legitimate/genuine_itunes.apple.comusartistal-jardineid41068661_4f25d2bb5b.png
train,legitimate,genuine_staceyleblanc.remax.com,train/legitimate/genuine_staceyleblanc.remax.com_d1e4d1c7fa.png
train,legitimate,genuine_revengeofthebirds.com201111232580862arizona-cardinals-2011-season-biggest-disapp,train/legitimate/genuine_revengeofthebirds.com201111232580862arizona-cardinals-2011-season-biggest-disapp_ce906cefcb.png
train,legitimate,genuine_legacy.comobituariestricitiesobituary.aspx,train/legitimate/genuine_legacy.comobituariestricitiesobituary.aspx_d5f6374589.png
train,legitimate,genuine_foxbusiness.compersonal-finance20110214qa-bankruptcy-lawyer-ted-connolly-author-,train/legitimate/genuine_foxbusiness.compersonal-finance20110214qa-bankruptcy-lawyer-ted-connolly-author-_22e8534a8f.png
train,legitimate,genuine_theus50.comnorthdakotacities.php,train/legitimate/genuine_theus50.comnorthdakotacities.php_109c34d822.png
train,legitimate,genuine_homepages.rootsweb.ancestry.comsharonmhcork.registersst20finbarres.htm,train/legitimate/genuine_homepages.rootsweb.ancestry.comsharonmhcork.registersst20finbarres.htm_be453fbe75.png
train,legitimate,genuine_www.cs.cmu.edutpopeminiatures,train/legitimate/genuine_www.cs.cmu.edutpopeminiatures_764b1deda5.png
train,legitimate,genuine_www.w3.orgtr2000wd-mathml2-20000211,train/legitimate/genuine_www.w3.orgtr2000wd-mathml2-20000211_011a2b9fcc.png
train,legitimate,genuine_apartmentguide.comapartmentscaliforniaoaklandlanding-at-jack-london-square19934,train/legitimate/genuine_apartmentguide.comapartmentscaliforniaoaklandlanding-at-jack-london-square19934_808b4a1e66.png
train,legitimate,genuine_imdb.comnamenm0106067,train/legitimate/genuine_imdb.comnamenm0106067_188fdd8869.png
train,legitimate,genuine_touchblackpool.combusinesslistbid4903253,train/legitimate/genuine_touchblackpool.combusinesslistbid4903253_770de7e90a.png
train,legitimate,genuine_absoluteastronomy.comtopicsaberdeen,train/legitimate/genuine_absoluteastronomy.comtopicsaberdeen_fc8884a961.png
train,legitimate,genuine_tractorhouse.comlistlist.aspx,train/legitimate/genuine_tractorhouse.comlistlist.aspx_6c8feb730e.png
train,legitimate,genuine_en.wikipedia.orgwikibattleship_game,train/legitimate/genuine_en.wikipedia.orgwikibattleship_game_a7362b32d6.png
train,legitimate,genuine_nps.govnrtraveljourneytext.htm,train/legitimate/genuine_nps.govnrtraveljourneytext.htm_d59516a024.png
train,legitimate,genuine_logishotels.comenhotel-hotel-le-saint-yves-9361.html,train/legitimate/genuine_logishotels.comenhotel-hotel-le-saint-yves-9361.html_a5ce3f337e.png
train,legitimate,genuine_cookanddate.comconcept.php,train/legitimate/genuine_cookanddate.comconcept.php_4e2f76584f.png
train,legitimate,genuine_dcd.cacataloguethispassion.html,train/legitimate/genuine_dcd.cacataloguethispassion.html_d328574390.png
train,legitimate,genuine_landwatch.comminnesota_land_for_salele_sueur,train/legitimate/genuine_landwatch.comminnesota_land_for_salele_sueur_3932f8b15a.png
train,legitimate,genuine_referenceforbusiness.commanagementde-eleelectronic-commerce.html,train/legitimate/genuine_referenceforbusiness.commanagementde-eleelectronic-commerce.html_76646daaa5.png
train,legitimate,genuine_www.apple.comsupportproductsproplan.html,train/legitimate/genuine_www.apple.comsupportproductsproplan.html_c3fa87815b.png
train,legitimate,genuine_kossanpaint.com,train/legitimate/genuine_kossanpaint.com_173cf31c9d.png
train,legitimate,manta.com,train/legitimate/manta.com_1816592a32.png
train,legitimate,genuine_fulhamfc.commatchandteamfixtureslist.aspx,train/legitimate/genuine_fulhamfc.commatchandteamfixtureslist.aspx_e34b7863fc.png
train,legitimate,genuine_yasni.comdanovidiucheckpeople,train/legitimate/genuine_yasni.comdanovidiucheckpeople_acbd2c638e.png
train,legitimate,genuine_japan-shop.com,train/legitimate/genuine_japan-shop.com_0590ec39fa.png
train,legitimate,genuine_abbreviations.comwbu,train/legitimate/genuine_abbreviations.comwbu_ef8c93957f.png
train,legitimate,genuine_karasu.mur.at,train/legitimate/genuine_karasu.mur.at_3b2ac7cca9.png
train,legitimate,genuine_corso32.com,train/legitimate/genuine_corso32.com_fd179d6a03.png
train,legitimate,encyclopedia.com,train/legitimate/encyclopedia.com_4a637e5d63.png
train,legitimate,genuine_pitt.edudashperrault.html,train/legitimate/genuine_pitt.edudashperrault.html_04d58831ae.png
train,legitimate,genuine_www.aspin.comhometutorial,train/legitimate/genuine_www.aspin.comhometutorial_4bc793d7d4.png
train,legitimate,genuine_last.fmmusicjerrycantrelldegradationtrip,train/legitimate/genuine_last.fmmusicjerrycantrelldegradationtrip_b3a46bf0bf.png
train,legitimate,genuine_www.ohiobusinesscollege.educdl.asp,train/legitimate/genuine_www.ohiobusinesscollege.educdl.asp_8321493156.png
train,legitimate,genuine_slashdot.orgarticle.pl,train/legitimate/genuine_slashdot.orgarticle.pl_ae1707e0de.png
train,legitimate,genuine_tools.ietf.orghtmlrfc2343,train/legitimate/genuine_tools.ietf.orghtmlrfc2343_0e0a540210.png
train,legitimate,genuine_embersband.com,train/legitimate/genuine_embersband.com_f99895662f.png
train,legitimate,genuine_thespec.comprintarticle545487,train/legitimate/genuine_thespec.comprintarticle545487_57ed4a4645.png
train,legitimate,genuine_airnav.comairportaoh,train/legitimate/genuine_airnav.comairportaoh_8ec972e1ac.png
train,legitimate,genuine_yellowpages.comlong-branch-njrestaurants,train/legitimate/genuine_yellowpages.comlong-branch-njrestaurants_f9bd018f24.png
train,legitimate,genuine_bramptonraceway.bravehost.comrules.html,train/legitimate/genuine_bramptonraceway.bravehost.comrules.html_72d9680807.png
train,legitimate,genuine_usw.camedianewsreleases,train/legitimate/genuine_usw.camedianewsreleases_cf2a3bb531.png
train,legitimate,genuine_norwood.dadeschools.netstaff.html,train/legitimate/genuine_norwood.dadeschools.netstaff.html_004549d6da.png
train,legitimate,genuine_citypages.comrelatedtodavesimonett,train/legitimate/genuine_citypages.comrelatedtodavesimonett_b3507ef368.png
train,legitimate,genuine_libraries.mit.eduarchivesresearchcollectionscollections-acac4.html,train/legitimate/genuine_libraries.mit.eduarchivesresearchcollectionscollections-acac4.html_86a806a82d.png
train,legitimate,genuine_en.wikipedia.orgwikigendron,train/legitimate/genuine_en.wikipedia.orgwikigendron_2e0cebd26d.png
train,legitimate,genuine_en.wikipedia.orgwiki1979_oakland_athletics_season,train/legitimate/genuine_en.wikipedia.orgwiki1979_oakland_athletics_season_189c9e9772.png
train,legitimate,genuine_www.rumormillnews.comcgi-binarchive.cgi,train/legitimate/genuine_www.rumormillnews.comcgi-binarchive.cgi_2f61622ac6.png
train,legitimate,genuine_topics.al.comtagbob20rileyindex.html,train/legitimate/genuine_topics.al.comtagbob20rileyindex.html_1876a23965.png
train,legitimate,genuine_linkedin.comdirectorypeoplehamilton-brown.html,train/legitimate/genuine_linkedin.comdirectorypeoplehamilton-brown.html_8154c9de55.png
train,legitimate,genuine_bigdaysmallworld.comprofileb.510.r.4067.u.c8e404.html,train/legitimate/genuine_bigdaysmallworld.comprofileb.510.r.4067.u.c8e404.html_bd9aaf3947.png
train,legitimate,genuine_pipl.comdirectorynamemckiejean,train/legitimate/genuine_pipl.comdirectorynamemckiejean_98c4a1c428.png
train,legitimate,genuine_scotch-whisky.org.ukswa224.html,train/legitimate/genuine_scotch-whisky.org.ukswa224.html_dbfec2cade.png
train,legitimate,genuine_nationalroadpa.orgtollhouses_bridges.html,train/legitimate/genuine_nationalroadpa.orgtollhouses_bridges.html_0abfade79e.png
train,legitimate,genuine_closinglogos.compagedisney-abcdomestictelevision,train/legitimate/genuine_closinglogos.compagedisney-abcdomestictelevision_407b178707.png
train,legitimate,genuine_whoswhosa.co.zakaizer-motaung-5324,train/legitimate/genuine_whoswhosa.co.zakaizer-motaung-5324_06f4513642.png
train,legitimate,genuine_booked.nethotelmarkazia-monroe-suites-beirut-19542,train/legitimate/genuine_booked.nethotelmarkazia-monroe-suites-beirut-19542_70269c8960.png
train,legitimate,genuine_familysearch.orglearnwikienmartin_county2c_minnesota,train/legitimate/genuine_familysearch.orglearnwikienmartin_county2c_minnesota_58f3c5b8ee.png
train,legitimate,genuine_archive.orgdetailswhatabou1954,train/legitimate/genuine_archive.orgdetailswhatabou1954_5d372d6afa.png
train,legitimate,genuine_taxi.comtransmitter0312musicbiz0312.html,train/legitimate/genuine_taxi.comtransmitter0312musicbiz0312.html_2ea4ac6733.png
train,legitimate,genuine_dipity.comtimelinemiss-puerto-rico-2009,train/legitimate/genuine_dipity.comtimelinemiss-puerto-rico-2009_404b839d0b.png
train,legitimate,genuine_politicalgraveyard.combioterryll-thaxton.html,train/legitimate/genuine_politicalgraveyard.combioterryll-thaxton.html_e0ad8835e1.png
train,legitimate,genuine_www.sschwarzer.netpythonwarpstock_europe_2001.html,train/legitimate/genuine_www.sschwarzer.netpythonwarpstock_europe_2001.html_2210fc3c0f.png
train,legitimate,genuine_chacha.comquestionwhat-are-they-going-to-do-with-the-metro-north-mall-in-kansas-,train/legitimate/genuine_chacha.comquestionwhat-are-they-going-to-do-with-the-metro-north-mall-in-kansas-_eac5fc1b42.png
train,legitimate,genuine_maschue.orgsean,train/legitimate/genuine_maschue.orgsean_029c646217.png
train,legitimate,genuine_facebook.compagesallan-melvin104016459635574,train/legitimate/genuine_facebook.compagesallan-melvin104016459635574_e49bdb0025.png
train,legitimate,genuine_beautifulcreaturesnovels.com,train/legitimate/genuine_beautifulcreaturesnovels.com_e3e25ccb85.png
train,legitimate,genuine_sharksahl.comstory.asp,train/legitimate/genuine_sharksahl.comstory.asp_a708b8ef41.png
train,legitimate,genuine_superchevy.comfeaturestruckselcaminosucp_0706_1984_chevy_el_caminoindex.html,train/legitimate/genuine_superchevy.comfeaturestruckselcaminosucp_0706_1984_chevy_el_caminoindex.html_1861d51350.png
train,legitimate,genuine_literaryguild.com,train/legitimate/genuine_literaryguild.com_b4fa563907.png
train,legitimate,genuine_fans.canadiens.nhl.comcommunitytopic18649-collecte-de-sang-du-ch,train/legitimate/genuine_fans.canadiens.nhl.comcommunitytopic18649-collecte-de-sang-du-ch_1edf2d5bf0.png
train,legitimate,genuine_rnb4u.insearch-mora,train/legitimate/genuine_rnb4u.insearch-mora_08e54313d2.png
train,legitimate,genuine_facebook.compeopleleonard-cohen100000440986869,train/legitimate/genuine_facebook.compeopleleonard-cohen100000440986869_3a31343249.png
train,legitimate,genuine_msn.foxsports.comcollegebasketballstoryuvu-mens-basketball-201112-schedule-30929,train/legitimate/genuine_msn.foxsports.comcollegebasketballstoryuvu-mens-basketball-201112-schedule-30929_13e2af75b6.png
train,legitimate,genuine_arksportshalloffame.cominductees,train/legitimate/genuine_arksportshalloffame.cominductees_ddc21f3a99.png
train,legitimate,genuine_swiss.csail.mit.edurauchdapm,train/legitimate/genuine_swiss.csail.mit.edurauchdapm_cbc3a411bf.png
train,legitimate,genuine_mmaplayground.comtop-10-mma-fighters.aspx,train/legitimate/genuine_mmaplayground.comtop-10-mma-fighters.aspx_b107ff32db.png
train,legitimate,genuine_beamerball.comfreebeamerblog.asp,train/legitimate/genuine_beamerball.comfreebeamerblog.asp_f9602c0a24.png
train,legitimate,genuine_abdcards.comphotosccmphoto.htm,train/legitimate/genuine_abdcards.comphotosccmphoto.htm_2ff281ca55.png
train,legitimate,depositaccounts.com,train/legitimate/depositaccounts.com_9300475a3f.png
train,legitimate,genuine_wachovia.comcheckingchecking.html,train/legitimate/genuine_wachovia.comcheckingchecking.html_2d471e7374.png
train,legitimate,genuine_www.allproducts.combikeneobike,train/legitimate/genuine_www.allproducts.combikeneobike_70091a9ae4.png
train,legitimate,genuine_associatedcontent.comarticle2201912007_nba_playoffs_who_will_take_this.html,train/legitimate/genuine_associatedcontent.comarticle2201912007_nba_playoffs_who_will_take_this.html_0ac4e56a0e.png
train,legitimate,genuine_norajanestruthers.comnora-jane,train/legitimate/genuine_norajanestruthers.comnora-jane_f791496657.png
train,legitimate,genuine_news.bbc.co.uk1hibusiness1978993.stm,train/legitimate/genuine_news.bbc.co.uk1hibusiness1978993.stm_db59762682.png
train,legitimate,genuine_wiki.answers.comqhow_to_replace_blower_motor_on_1997_pontiac_grand_prix_show_pic,train/legitimate/genuine_wiki.answers.comqhow_to_replace_blower_motor_on_1997_pontiac_grand_prix_show_pic_9cada0dd73.png
train,legitimate,genuine_www.avalanchepress.comgameavl.html,train/legitimate/genuine_www.avalanchepress.comgameavl.html_e3634e450f.png
train,legitimate,genuine_coursehero.comfile60131063-aeligordmlaquoaringordmbrvbararingpoundaringeacutelaq,train/legitimate/genuine_coursehero.comfile60131063-aeligordmlaquoaringordmbrvbararingpoundaringeacutelaq_d865af8f90.png
train,legitimate,genuine_denver.orgtransportation,train/legitimate/genuine_denver.orgtransportation_0a805d83b3.png
train,legitimate,genuine_gamespot.comforumstopic26221656,train/legitimate/genuine_gamespot.comforumstopic26221656_8ed30022bf.png
train,legitimate,indeed.com,train/legitimate/indeed.com_d991c191d1.png
train,legitimate,genuine_facebook.comjarodnichols12,train/legitimate/genuine_facebook.comjarodnichols12_7dc2e880ae.png
train,legitimate,genuine_events.sfgate.comoakland-cavenuesshow28025-elihu-m-harris-state-of-california-of,train/legitimate/genuine_events.sfgate.comoakland-cavenuesshow28025-elihu-m-harris-state-of-california-of_95c7d503c0.png
train,legitimate,genuine_yellowpages.compearl-msholiday-inn-trustmark-park-pearl,train/legitimate/genuine_yellowpages.compearl-msholiday-inn-trustmark-park-pearl_692c7f93f6.png
train,legitimate,genuine_www.eei.orgcareers,train/legitimate/genuine_www.eei.orgcareers_a4f3cf474d.png
train,legitimate,genuine_www.zebrasystems.comzebrasystemszx81index.html,train/legitimate/genuine_www.zebrasystems.comzebrasystemszx81index.html_126141a57c.png
train,legitimate,genuine_diecastxchange.comforum1topic53666-my-collection-indy-cart-champcarpage__st__25,train/legitimate/genuine_diecastxchange.comforum1topic53666-my-collection-indy-cart-champcarpage_st_25_21d8c2aaa0.png
train,legitimate,genuine_zipwho.com,train/legitimate/genuine_zipwho.com_d276141ffa.png
train,legitimate,genuine_wiki.answers.comqfaq7562-342,train/legitimate/genuine_wiki.answers.comqfaq7562-342_d1042774b2.png
train,legitimate,thegloss.com,train/legitimate/thegloss.com_1d8323a478.png
train,legitimate,genuine_imdb.comnamenm1648117,train/legitimate/genuine_imdb.comnamenm1648117_a1020ba827.png
train,legitimate,genuine_spokeo.comelizabethmacarthur,train/legitimate/genuine_spokeo.comelizabethmacarthur_6ed23eab88.png
train,legitimate,genuine_www.hironen.co.jpenindex.html,train/legitimate/genuine_www.hironen.co.jpenindex.html_4d85d8bcb9.png
train,legitimate,genuine_yesontheprize.blogspot.com2008091923-24-with-morenz-comes-second-cup.html,train/legitimate/genuine_yesontheprize.blogspot.com2008091923-24-with-morenz-comes-second-cup.html_c079e47f4f.png
train,legitimate,genuine_thecanadianencyclopedia.comindex.cfm,train/legitimate/genuine_thecanadianencyclopedia.comindex.cfm_7dae0982da.png
train,legitimate,genuine_mbbp.comattorneyssteele_jeffrey.html,train/legitimate/genuine_mbbp.comattorneyssteele_jeffrey.html_53d8745f1d.png
train,legitimate,genuine_rockhursths.edus1280int-3-col-bg.aspx,train/legitimate/genuine_rockhursths.edus1280int-3-col-bg.aspx_4a647b7a59.png
train,legitimate,genuine_bb.steelguitarforum.comviewtopic.php,train/legitimate/genuine_bb.steelguitarforum.comviewtopic.php_33b35c8443.png
train,legitimate,genuine_huffingtonpost.ca20110614jacques-parizeau-pauline-marois--pq-parti-quebecois_n_8,train/legitimate/genuine_huffingtonpost.ca20110614jacques-parizeau-pauline-marois--pq-parti-quebecois_n_8_5655e25b54.png
train,legitimate,genuine_en.wikipedia.orgwikigeorge_darby,train/legitimate/genuine_en.wikipedia.orgwikigeorge_darby_310433ef1f.png
train,legitimate,genuine_constablecrane.deviantart.com,train/legitimate/genuine_constablecrane.deviantart.com_e3aff2e732.png
train,legitimate,genuine_amazon.comzelary-anna-geislerovc3a1dpb0006sgyla,train/legitimate/genuine_amazon.comzelary-anna-geislerovc3a1dpb0006sgyla_65c79de143.png
train,legitimate,genuine_sportsnet.cahockeyjuniors20111025qmjhl_hof,train/legitimate/genuine_sportsnet.cahockeyjuniors20111025qmjhl_hof_13c0848e2f.png
train,legitimate,genuine_www.mulliner.orgpalmsink_the_ship.html,train/legitimate/genuine_www.mulliner.orgpalmsink_the_ship.html_4fde86f7af.png
train,legitimate,genuine_philscoins.com,train/legitimate/genuine_philscoins.com_c208430127.png
train,legitimate,genuine_city-data.comcitylincoln-california.html,train/legitimate/genuine_city-data.comcitylincoln-california.html_03db4ffd32.png
train,legitimate,genuine_tvguide.comcelebritiesned-kelly260286,train/legitimate/genuine_tvguide.comcelebritiesned-kelly260286_c7bb0de0f5.png
train,legitimate,123people.com,train/legitimate/123people.com_0ed785cb75.png
train,legitimate,genuine_www.openbsd.orgimagesmap.jpg,train/legitimate/genuine_www.openbsd.orgimagesmap.jpg_7e455a013d.png
train,legitimate,genuine_saltaquarium.about.comodeelphotosigmoray-eel-photo-galleryrichard-pyle-s-dragon-,train/legitimate/genuine_saltaquarium.about.comodeelphotosigmoray-eel-photo-galleryrichard-pyle-s-dragon-_bc0601d79f.png
train,legitimate,genuine_censusonline.usbrowsealbright,train/legitimate/genuine_censusonline.usbrowsealbright_74936bb604.png
train,legitimate,genuine_tennisplayer.netpublicchampionsed_atkinson_don_budge_samplearticle.html,train/legitimate/genuine_tennisplayer.netpublicchampionsed_atkinson_don_budge_samplearticle.html_13ab707ca4.png
train,legitimate,genuine_clevvertv.comfeatured26036wendy-starring-tyler-blackburn-meaghan-martin.html,train/legitimate/genuine_clevvertv.comfeatured26036wendy-starring-tyler-blackburn-meaghan-martin.html_13ca3b94bd.png
train,legitimate,genuine_socialwork.uw.edu,train/legitimate/genuine_socialwork.uw.edu_d82ba68e60.png
train,legitimate,genuine_flickr.comphotosemilio_guerra4986097155,train/legitimate/genuine_flickr.comphotosemilio_guerra4986097155_f63ab104c4.png
train,legitimate,genuine_answers.microsoft.comen-uswindowsforumwindows_vista-hardwarecd-drive-is-not-work,train/legitimate/genuine_answers.microsoft.comen-uswindowsforumwindows_vista-hardwarecd-drive-is-not-work_76bc13529b.png
train,legitimate,genuine_wn.commixed_martial_artist,train/legitimate/genuine_wn.commixed_martial_artist_9d96e57893.png
train,legitimate,genuine_profightdb.comwrestlersdino-bravo-84.html,train/legitimate/genuine_profightdb.comwrestlersdino-bravo-84.html_d4a46c06c0.png
train,legitimate,genuine_filmationghostbusters.wikia.comwikilarry_storch,train/legitimate/genuine_filmationghostbusters.wikia.comwikilarry_storch_3a2a39c7e4.png
train,legitimate,genuine_facebook.comartskc,train/legitimate/genuine_facebook.comartskc_4c164a7d30.png
train,legitimate,genuine_www.orbworks.compalmres.html,train/legitimate/genuine_www.orbworks.compalmres.html_286b0d0d21.png
train,legitimate,genuine_eagleeyes.com,train/legitimate/genuine_eagleeyes.com_51dc0131a2.png
train,legitimate,genuine_en.wikipedia.orgwikithe_driftin27_kid,train/legitimate/genuine_en.wikipedia.orgwikithe_driftin27_kid_908055772d.png
train,legitimate,genuine_poemhunter.compoemthe-ten-lepers,train/legitimate/genuine_poemhunter.compoemthe-ten-lepers_e2f8012229.png
train,legitimate,genuine_amazon.comtrue-crime-alan-golddp0425201155,train/legitimate/genuine_amazon.comtrue-crime-alan-golddp0425201155_5fb5a983a3.png
train,legitimate,genuine_tshaonline.orghandbookonlinearticleshnf35,train/legitimate/genuine_tshaonline.orghandbookonlinearticleshnf35_0ddd49bee7.png
train,legitimate,genuine_askbiography.combioirvin_pelletier.html,train/legitimate/genuine_askbiography.combioirvin_pelletier.html_7282b3560e.png
train,legitimate,pipl.com,train/legitimate/pipl.com_0c1cf37afe.png
train,legitimate,genuine_www.andrew.cmu.educamclubindex.html,train/legitimate/genuine_www.andrew.cmu.educamclubindex.html_53629b38fa.png
train,legitimate,genuine_wordsdomination.comcegep.html,train/legitimate/genuine_wordsdomination.comcegep.html_254d8e344b.png
train,legitimate,genuine_batsu.orgviewtopic.php,train/legitimate/genuine_batsu.orgviewtopic.php_1c9dfb2dd8.png
train,legitimate,genuine_dutsonfam.blogspot.com,train/legitimate/genuine_dutsonfam.blogspot.com_dd62e0cab9.png
train,legitimate,genuine_wn.comthe_hangover_part_2__stus_song_alan_town_hangover_part_ii_2011,train/legitimate/genuine_wn.comthe_hangover_part_2_stus_song_alan_town_hangover_part_ii_2011_af7bc4f0b6.png
train,legitimate,genuine_spoke.cominfopztlfqfveroniquescordia,train/legitimate/genuine_spoke.cominfopztlfqfveroniquescordia_4c5ee075e8.png
train,legitimate,genuine_dbpedia.orgpagebill_ellerington,train/legitimate/genuine_dbpedia.orgpagebill_ellerington_8c1b3ff9eb.png
train,legitimate,genuine_ecampsite.comcampgroundsalpha.php,train/legitimate/genuine_ecampsite.comcampgroundsalpha.php_4f0391454b.png
train,legitimate,genuine_hsx.comsecurityviewsafew,train/legitimate/genuine_hsx.comsecurityviewsafew_f8840e2e7a.png
train,legitimate,genuine_canadajka.ca,train/legitimate/genuine_canadajka.ca_88cf793697.png
train,legitimate,genuine_territorioscuola.comwikipediaen.wikipedia.php,train/legitimate/genuine_territorioscuola.comwikipediaen.wikipedia.php_90854f8344.png
train,legitimate,genuine_flickr.comphotoseucom4572731572,train/legitimate/genuine_flickr.comphotoseucom4572731572_6a1c439ca7.png
train,legitimate,genuine_4shared.comaudio3pbfqha0bokura_no_machi_de_-_kat-tun.html,train/legitimate/genuine_4shared.comaudio3pbfqha0bokura_no_machi_de_-_kat-tun.html_1399f7eb67.png
train,legitimate,genuine_fireislandartistresidency.org,train/legitimate/genuine_fireislandartistresidency.org_9f0f093273.png
train,legitimate,genuine_forums.majorgeeks.comforumdisplay.php,train/legitimate/genuine_forums.majorgeeks.comforumdisplay.php_82c3675934.png
train,legitimate,genuine_people.famouswhy.comanthony_hopkins_and_jennifer_lynton-r4093.html,train/legitimate/genuine_people.famouswhy.comanthony_hopkins_and_jennifer_lynton-r4093.html_8145cafbdb.png
train,legitimate,genuine_tommyjoeratliff.tumblr.com,train/legitimate/genuine_tommyjoeratliff.tumblr.com_230fede9ee.png
train,legitimate,genuine_watchdog.netstaticindex03index_06351.html,train/legitimate/genuine_watchdog.netstaticindex03index_06351.html_8743bc49cb.png
train,legitimate,genuine_shneaky.net,train/legitimate/genuine_shneaky.net_a69bd2af53.png
train,legitimate,genuine_dvdbeaver.comfilmdvdreviews22cinema_16_american_short_films.htm,train/legitimate/genuine_dvdbeaver.comfilmdvdreviews22cinema_16_american_short_films.htm_5b6e5b4aa2.png
train,legitimate,genuine_zoominfo.compeoplebc3a9rubc3a9_yves_1312450814.aspx,train/legitimate/genuine_zoominfo.compeoplebc3a9rubc3a9_yves_1312450814.aspx_4c913da363.png
train,legitimate,genuine_playme.comcaseydonahewbandtwelve-gauge_3483879m.html,train/legitimate/genuine_playme.comcaseydonahewbandtwelve-gauge_3483879m.html_199a85a864.png
train,legitimate,genuine_zoominfo.compeopleknowland_joe_52131967.aspx,train/legitimate/genuine_zoominfo.compeopleknowland_joe_52131967.aspx_db8c507a2c.png
train,legitimate,genuine_en.wikipedia.orgwikinorth_american_soccer_league,train/legitimate/genuine_en.wikipedia.orgwikinorth_american_soccer_league_b97e49e824.png
train,legitimate,genuine_oddjack.comindex.php,train/legitimate/genuine_oddjack.comindex.php_12f71fde6c.png
train,legitimate,genuine_absoluteastronomy.comtopicsan_ideal_husband_film,train/legitimate/genuine_absoluteastronomy.comtopicsan_ideal_husband_film_a26c424cb6.png
train,legitimate,genuine_mediafire.com,train/legitimate/genuine_mediafire.com_6d1dffde5d.png
train,legitimate,genuine_joincalifornia.comcandidate4735,train/legitimate/genuine_joincalifornia.comcandidate4735_a2091173c2.png
train,legitimate,genuine_dynad.co.za,train/legitimate/genuine_dynad.co.za_7ade3c2d8a.png
train,legitimate,genuine_stores.ebay.comjohnnysvillearashi-_i.html,train/legitimate/genuine_stores.ebay.comjohnnysvillearashi-_i.html_23c77b22a9.png
train,legitimate,genuine_www.neoseeker.comforums4,train/legitimate/genuine_www.neoseeker.comforums4_a622a1a225.png
train,legitimate,genuine_saints.sqpn.comncd05572.htm,train/legitimate/genuine_saints.sqpn.comncd05572.htm_c8ee24619a.png
train,legitimate,genuine_auditionagency.comcd_list.htm,train/legitimate/genuine_auditionagency.comcd_list.htm_c781f030d3.png
train,legitimate,genuine_rotoworld.complayermlb152player,train/legitimate/genuine_rotoworld.complayermlb152player_0278a6cbf2.png
train,legitimate,flickr.com,train/legitimate/flickr.com_838a9d3bbd.png
train,legitimate,genuine_militaryphotos.netforumsshowthread.php,train/legitimate/genuine_militaryphotos.netforumsshowthread.php_b4825bc7cf.png
train,legitimate,genuine_writing.upenn.eduafilreis50shygiene-films.html,train/legitimate/genuine_writing.upenn.eduafilreis50shygiene-films.html_a0ce83e1c0.png
train,legitimate,genuine_ebay.comitm1935-montreal-maroons-official-nhl-hockey-team-patch-120539261518,train/legitimate/genuine_ebay.comitm1935-montreal-maroons-official-nhl-hockey-team-patch-120539261518_5094d6082e.png
train,legitimate,genuine_music.yahoo.combloodstonetracks,train/legitimate/genuine_music.yahoo.combloodstonetracks_56a56299c2.png
train,legitimate,genuine_tngenweb.orgbradleyjulienjulianrenevs2006.html,train/legitimate/genuine_tngenweb.orgbradleyjulienjulianrenevs2006.html_25dc899f51.png
train,legitimate,genuine_spokeo.commichelegrossman,train/legitimate/genuine_spokeo.commichelegrossman_deb066b16b.png
train,legitimate,genuine_labmice.techtarget.commcse,train/legitimate/genuine_labmice.techtarget.commcse_0d19af08c9.png
train,legitimate,genuine_ranker.comlistcold-war-movies-and-filmsreference,train/legitimate/genuine_ranker.comlistcold-war-movies-and-filmsreference_daba02c932.png
train,legitimate,genuine_thebuzzinthecity.comkelly-rowlands-1-on-billboard-talks-new-album,train/legitimate/genuine_thebuzzinthecity.comkelly-rowlands-1-on-billboard-talks-new-album_59e388d72a.png
train,legitimate,genuine_geni.compeoplemarguerite-d-angoulc3aame6000000003003872009,train/legitimate/genuine_geni.compeoplemarguerite-d-angoulc3aame6000000003003872009_67f9fd9d87.png
train,legitimate,genuine_en.wikipedia.orgwikiquebec_route_132,train/legitimate/genuine_en.wikipedia.orgwikiquebec_route_132_d8694267a2.png
train,legitimate,genuine_whosdatedwho.comtpx_129991marla-pennington,train/legitimate/genuine_whosdatedwho.comtpx_129991marla-pennington_fc18f40b18.png
train,legitimate,genuine_webhome.idirect.comavdichuk2003canstruction.html,train/legitimate/genuine_webhome.idirect.comavdichuk2003canstruction.html_915d7916c4.png
train,legitimate,genuine_liberalarts.udmercy.edunewsindex_print.htm,train/legitimate/genuine_liberalarts.udmercy.edunewsindex_print.htm_be50296ebd.png
train,legitimate,genuine_wyattpaints.com,train/legitimate/genuine_wyattpaints.com_40478ff2d4.png
train,legitimate,genuine_villasofmexico.com,train/legitimate/genuine_villasofmexico.com_28016533ed.png
train,legitimate,genuine_urbanspoon.comn240588chicagobartlett-il-restaurants,train/legitimate/genuine_urbanspoon.comn240588chicagobartlett-il-restaurants_30c6f9009c.png
train,legitimate,genuine_absoluteastronomy.comtopicscollge_sainte-marie,train/legitimate/genuine_absoluteastronomy.comtopicscollge_sainte-marie_db283f87a8.png
train,legitimate,genuine_politicalgraveyard.combiosena-serphin.html,train/legitimate/genuine_politicalgraveyard.combiosena-serphin.html_3901190ce8.png
train,legitimate,genuine_cityofnewhaven.com,train/legitimate/genuine_cityofnewhaven.com_39abd7532d.png
train,legitimate,genuine_bridgewebs.comstone,train/legitimate/genuine_bridgewebs.comstone_bc2e86e2ca.png
train,legitimate,genuine_amazon.comgenerations-quartet-vhigadta-lvincha-clarinetdpb00005n8m9,train/legitimate/genuine_amazon.comgenerations-quartet-vhigadta-lvincha-clarinetdpb00005n8m9_e0494139d7.png
train,legitimate,genuine_usatoday.comsportshockeychecking2006-12-17-jacques-demers_x.htm,train/legitimate/genuine_usatoday.comsportshockeychecking2006-12-17-jacques-demers_x.htm_4aaf6d708e.png
train,legitimate,genuine_en.wikipedia.orgwikiamerican_samoa_national_football_team,train/legitimate/genuine_en.wikipedia.orgwikiamerican_samoa_national_football_team_23fc6bf75f.png
train,legitimate,genuine_historicjoplin.org,train/legitimate/genuine_historicjoplin.org_e92e86f8da.png
train,legitimate,genuine_atmmarketplace.comarticle185525america-first-credit-union-launches-fiserv-s-mobi,train/legitimate/genuine_atmmarketplace.comarticle185525america-first-credit-union-launches-fiserv-s-mobi_fc90e41f16.png
train,legitimate,genuine_adsabs.harvard.eduabs2006apj...641..556m,train/legitimate/genuine_adsabs.harvard.eduabs2006apj...641..556m_d829a4c6b3.png
train,legitimate,genuine_isearch.comsearching.php,train/legitimate/genuine_isearch.comsearching.php_ca81e6f387.png
train,legitimate,genuine_www.enterprisedeveloper.comjcertify,train/legitimate/genuine_www.enterprisedeveloper.comjcertify_e76b2d75eb.png
train,legitimate,genuine_en-gb.facebook.comdenise.connelly,train/legitimate/genuine_en-gb.facebook.comdenise.connelly_a3910dbfcc.png
train,legitimate,genuine_drama.yale.eduyimt,train/legitimate/genuine_drama.yale.eduyimt_8e2563bab9.png
train,legitimate,genuine_icarus.math.mcmaster.capetermixmix.html,train/legitimate/genuine_icarus.math.mcmaster.capetermixmix.html_0728735172.png
train,legitimate,genuine_glassdoor.comreviewsborden-ladner-gervais-llp-reviews-e115867.htm,train/legitimate/genuine_glassdoor.comreviewsborden-ladner-gervais-llp-reviews-e115867.htm_c5d3b12adf.png
train,legitimate,genuine_wn.combritish_royalty,train/legitimate/genuine_wn.combritish_royalty_9e1e4335e9.png
train,legitimate,genuine_amazon.comalex-tothdp0878163719,train/legitimate/genuine_amazon.comalex-tothdp0878163719_f8e3e50b7f.png
train,legitimate,genuine_christianmetalrealm.niceboard.com,train/legitimate/genuine_christianmetalrealm.niceboard.com_f2142fd0e0.png
train,legitimate,genuine_darklight__1.tripod.comassassinsinfraserburgh,train/legitimate/genuine_darklight_1.tripod.comassassinsinfraserburgh_5aad4e0a8c.png
train,legitimate,genuine_spokeo.comsharonsnowden,train/legitimate/genuine_spokeo.comsharonsnowden_a0b2fe44b9.png
train,legitimate,genuine_muppet.wikia.comwikisoul_man,train/legitimate/genuine_muppet.wikia.comwikisoul_man_86923d7f36.png
train,legitimate,genuine_tubepornstars.comsearch,train/legitimate/genuine_tubepornstars.comsearch_e85b4a358e.png
train,legitimate,genuine_amyalcott.com,train/legitimate/genuine_amyalcott.com_ab0450536c.png
train,legitimate,genuine_timeanddate.comworldclockcity.html,train/legitimate/genuine_timeanddate.comworldclockcity.html_082197cff4.png
train,legitimate,charlienewton.com,train/legitimate/charlienewton.com_31bfb8b507.png
train,legitimate,genuine_sherpaguides.comgeorgiamountainsblue_ridgewesternlake_conasauga.html,train/legitimate/genuine_sherpaguides.comgeorgiamountainsblue_ridgewesternlake_conasauga.html_e479227ee6.png
train,legitimate,genuine_comedians.jokes.comrichard-pryorbio,train/legitimate/genuine_comedians.jokes.comrichard-pryorbio_1b00fe44e5.png
train,legitimate,genuine_en.wikipedia.orgwikiefrim_menuck,train/legitimate/genuine_en.wikipedia.orgwikiefrim_menuck_92ff9de3c9.png
train,legitimate,torrentreactor.net,train/legitimate/torrentreactor.net_b8c1260475.png
train,legitimate,genuine_epinions.comreviewkellogg_s_pop_tarts_hello_kitty_meow_berry_12_count_boxes_pack,train/legitimate/genuine_epinions.comreviewkellogg_s_pop_tarts_hello_kitty_meow_berry_12_count_boxes_pack_e55a3e89d6.png
train,legitimate,genuine_parl.gc.camarleaumontpetitdocumentviewer.aspx,train/legitimate/genuine_parl.gc.camarleaumontpetitdocumentviewer.aspx_9ea7fa160a.png
train,legitimate,genuine_contextualpsychology.orgnew_harbinger_publications_resources_for_act_trainers_an,train/legitimate/genuine_contextualpsychology.orgnew_harbinger_publications_resources_for_act_trainers_an_3578c7bec3.png
train,legitimate,genuine_nahright.comnews20110512video-curreny-jetsgo,train/legitimate/genuine_nahright.comnews20110512video-curreny-jetsgo_9d08e5484e.png
train,legitimate,genuine_obitwriters.orgobit20writer20c.html,train/legitimate/genuine_obitwriters.orgobit20writer20c.html_113a9338b1.png
train,legitimate,genuine_tvlistings.zap2it.comtvaqua-teen-hunger-forceep00466293,train/legitimate/genuine_tvlistings.zap2it.comtvaqua-teen-hunger-forceep00466293_54edc015e9.png
train,legitimate,genuine_gruvr.combandjoshuaradin,train/legitimate/genuine_gruvr.combandjoshuaradin_616087885f.png
train,legitimate,genuine_facebook.compeoplejean-jacques-mathieu1696290482,train/legitimate/genuine_facebook.compeoplejean-jacques-mathieu1696290482_e8a77ae427.png
train,legitimate,genuine_www.stm.infoenglishmetroa-index.htm,train/legitimate/genuine_www.stm.infoenglishmetroa-index.htm_d7dc2d9d17.png
train,legitimate,genuine_blackbookhosting.comdevartilleryso,train/legitimate/genuine_blackbookhosting.comdevartilleryso_08d0b82dc0.png
train,legitimate,genuine_en.wikipedia.orgwikigalt_macdermot,train/legitimate/genuine_en.wikipedia.orgwikigalt_macdermot_cef0e4d51c.png
train,legitimate,genuine_pipl.comdirectorynamecargnello,train/legitimate/genuine_pipl.comdirectorynamecargnello_82cdc7ad64.png
train,legitimate,genuine_runnerspace.comnews.php,train/legitimate/genuine_runnerspace.comnews.php_ef1de1a2a5.png
train,legitimate,genuine_en.wikipedia.orgwikithe_motorcycle_diaries_film,train/legitimate/genuine_en.wikipedia.orgwikithe_motorcycle_diaries_film_293dc65812.png
train,legitimate,genuine_en.wikipedia.orgwikilist_of_playboy_playmates_of_1973,train/legitimate/genuine_en.wikipedia.orgwikilist_of_playboy_playmates_of_1973_e125d63cd1.png
train,legitimate,genuine_veoox.comtagscan.html,train/legitimate/genuine_veoox.comtagscan.html_fc8bad1f57.png
train,legitimate,genuine_en.wikipedia.orgwikisaucillo,train/legitimate/genuine_en.wikipedia.orgwikisaucillo_a206b801ab.png
train,legitimate,genuine_mediabistro.comtvspybetty-boyd-queen-of-tulsa-tv-passes-away_b4993,train/legitimate/genuine_mediabistro.comtvspybetty-boyd-queen-of-tulsa-tv-passes-away_b4993_d1b4060df0.png
train,legitimate,genuine_leodicaprio.net,train/legitimate/genuine_leodicaprio.net_2ed7fe32ea.png
train,legitimate,genuine_booksandwriters.co.ukwriterslista.html,train/legitimate/genuine_booksandwriters.co.ukwriterslista.html_d9ccd37fef.png
train,legitimate,genuine_icelebz.comsh-list.html,train/legitimate/genuine_icelebz.comsh-list.html_d55aaf4f74.png
train,legitimate,genuine_www-users.cs.york.ac.ukkazakovaamas,train/legitimate/genuine_www-users.cs.york.ac.ukkazakovaamas_9e6cb284fa.png
train,legitimate,genuine_netflix.comroledisplayelliott_gould36086,train/legitimate/genuine_netflix.comroledisplayelliott_gould36086_873bab229e.png
train,legitimate,ehow.com,train/legitimate/ehow.com_756a7b6f9f.png
train,legitimate,genuine_prnewswire.comnews-releasesfire-smoke-coalition-applauds-congressional-fire-serv,train/legitimate/genuine_prnewswire.comnews-releasesfire-smoke-coalition-applauds-congressional-fire-serv_7567644aec.png
train,legitimate,genuine_goxavier.comsportsm-baskblspec-relxavi-m-baskbl-spec-rel.html,train/legitimate/genuine_goxavier.comsportsm-baskblspec-relxavi-m-baskbl-spec-rel.html_0a401c140e.png
train,legitimate,genuine_creativebath.com,train/legitimate/genuine_creativebath.com_e08b70d335.png
train,legitimate,genuine_miniawi.blogspot.com201012battle-of-longue-pointe.html,train/legitimate/genuine_miniawi.blogspot.com201012battle-of-longue-pointe.html_cc8836806e.png
train,legitimate,genuine_congregations.urj.orgdisplay.cfm,train/legitimate/genuine_congregations.urj.orgdisplay.cfm_22e608c32f.png
train,legitimate,genuine_www.keiseruniversity.educulinary_arts_as.php,train/legitimate/genuine_www.keiseruniversity.educulinary_arts_as.php_d83bd650f9.png
train,legitimate,genuine_indeed.comcmpivanhoe-cambridge,train/legitimate/genuine_indeed.comcmpivanhoe-cambridge_9121ce6f77.png
train,legitimate,genuine_www.janthevillageweaver.com3dartfree3dartframe.htm,train/legitimate/genuine_www.janthevillageweaver.com3dartfree3dartframe.htm_f3dfadee24.png
train,legitimate,genuine_xvideos.comvideo114036flower_tucci_interracial,train/legitimate/genuine_xvideos.comvideo114036flower_tucci_interracial_a6fbb81330.png
train,legitimate,genuine_newswire.caenstory816015dorel-industries-inc-intends-to-make-normal-course-issue,train/legitimate/genuine_newswire.caenstory816015dorel-industries-inc-intends-to-make-normal-course-issue_bc71b7300e.png
train,legitimate,genuine_tools.ietf.orghtmlrfc2896,train/legitimate/genuine_tools.ietf.orghtmlrfc2896_1b5d1023b3.png
train,legitimate,genuine_en.wikipedia.orgwikilos_angeles,train/legitimate/genuine_en.wikipedia.orgwikilos_angeles_ce027795b8.png
train,legitimate,genuine_hollywoodland.org,train/legitimate/genuine_hollywoodland.org_39c4f0db82.png
train,legitimate,genuine_tools.ietf.orghtmlrfc2771,train/legitimate/genuine_tools.ietf.orghtmlrfc2771_2cb643963d.png
train,legitimate,genuine_partyguideonline.comattractionsperformingartscenters.html,train/legitimate/genuine_partyguideonline.comattractionsperformingartscenters.html_5c6e57311b.png
train,legitimate,genuine_militarymuseum.orglagunachapala.html,train/legitimate/genuine_militarymuseum.orglagunachapala.html_e01ad09cbe.png
train,legitimate,genuine_worldcat.orgtitleavis-de-deces-parus-dans-le-journal-de-montreal-1997oclc5300171,train/legitimate/genuine_worldcat.orgtitleavis-de-deces-parus-dans-le-journal-de-montreal-1997oclc5300171_116e84f0bf.png
train,legitimate,genuine_leannejane.livejournal.com13429.html,train/legitimate/genuine_leannejane.livejournal.com13429.html_a7453de95c.png
train,legitimate,genuine_flickr.comphotoshutchike214084936,train/legitimate/genuine_flickr.comphotoshutchike214084936_0b37f9a965.png
train,legitimate,genuine_diesel-ebooks.comitem9780689876479black-lewis-nothing-s-sacred1.html,train/legitimate/genuine_diesel-ebooks.comitem9780689876479black-lewis-nothing-s-sacred1.html_e4123ff0d7.png
train,legitimate,genuine_worthpoint.comworthopediafire-station-building-ho-scale-93842975,train/legitimate/genuine_worthpoint.comworthopediafire-station-building-ho-scale-93842975_4207c6bb55.png
train,legitimate,genuine_titansonline.comteamrosterkevin-mawaea0539216-4836-40a7-9383-54016cc66ac7,train/legitimate/genuine_titansonline.comteamrosterkevin-mawaea0539216-4836-40a7-9383-54016cc66ac7_2b42ea5013.png
train,legitimate,genuine_new.music.yahoo.comvanni-marcoux,train/legitimate/genuine_new.music.yahoo.comvanni-marcoux_485a1b0ae1.png
train,legitimate,genuine_amazon.commoons-shadow-catherine-asarodp0765304252,train/legitimate/genuine_amazon.commoons-shadow-catherine-asarodp0765304252_4c6c7be35c.png
train,legitimate,genuine_www.isovac.comhome,train/legitimate/genuine_www.isovac.comhome_61794c3495.png
train,legitimate,genuine_nndb.compeople980000036872,train/legitimate/genuine_nndb.compeople980000036872_f585116cf4.png
train,legitimate,genuine_www.leelanau.comwebdesign,train/legitimate/genuine_www.leelanau.comwebdesign_6c1baaf5fe.png
train,legitimate,genuine_justgiving.commike-jenkins0,train/legitimate/genuine_justgiving.commike-jenkins0_0b71c572ca.png
train,legitimate,genuine_baseballlibrary.combaseballlibrarysabrtbiffazio_ernie.tbi.stm,train/legitimate/genuine_baseballlibrary.combaseballlibrarysabrtbiffazio_ernie.tbi.stm_5d07ebd6e2.png
train,legitimate,genuine_goal.comen-usnews1589canada201103162398306canada-calculus-predicting-how-toronto,train/legitimate/genuine_goal.comen-usnews1589canada201103162398306canada-calculus-predicting-how-toronto_9db748a206.png
train,legitimate,genuine_vchs-alumni.50megs.comyearbook73.html,train/legitimate/genuine_vchs-alumni.50megs.comyearbook73.html_e922dd4374.png
train,legitimate,genuine_allstays.comcampgroundsminnesota-state-parks-campgrounds.htm,train/legitimate/genuine_allstays.comcampgroundsminnesota-state-parks-campgrounds.htm_8021af4ff6.png
train,legitimate,genuine_abebooks.com9780495110484cosmos-astronomy-new-millennium--basic-0495110485plp,train/legitimate/genuine_abebooks.com9780495110484cosmos-astronomy-new-millennium--basic-0495110485plp_d938b2d0e1.png
train,legitimate,genuine_www.gijsk.commozillachromelist,train/legitimate/genuine_www.gijsk.commozillachromelist_24d0d9c53f.png
train,legitimate,genuine_brooklyneagle.com,train/legitimate/genuine_brooklyneagle.com_be816494c9.png
train,legitimate,genuine_www.mitre.orgtechnanotechquantum_dot_cell.html,train/legitimate/genuine_www.mitre.orgtechnanotechquantum_dot_cell.html_fc1ff0a0fa.png
train,legitimate,genuine_spoke.comdirpplummerbill,train/legitimate/genuine_spoke.comdirpplummerbill_3cac4d1fd7.png
train,phishing,phishing_tsnwires.co.thtemplateskongoonlibrary,train/phishing/phishing_tsnwires.co.thtemplateskongoonlibrary_3dc0e4f6aa.png
train,phishing,phishing_tsnwires.co.thtemplateskongoonlibrary,train/phishing/phishing_tsnwires.co.thtemplateskongoonlibrary_604131510a.png
train,phishing,phishing_villabello.dkwp-contentpluginswoocommercetemplatesjghhjghj.html,train/phishing/phishing_villabello.dkwp-contentpluginswoocommercetemplatesjghhjghj.html_0e9a2421e6.png
train,phishing,phishing_cn.chiculture.net0309policyimages,train/phishing/phishing_cn.chiculture.net0309policyimages_28f4a9cf3a.png
train,phishing,phishing_austinheights.edu.mylearnincludes.neindex.html,train/phishing/phishing_austinheights.edu.mylearnincludes.neindex.html_f336cdace9.png
train,phishing,phishing_www.srinathcollection.comverifyverify.htm,train/phishing/phishing_www.srinathcollection.comverifyverify.htm_cd5b3d44fa.png
train,phishing,phishing_lacajaverde.comwp-includesgoogledocs,train/phishing/phishing_lacajaverde.comwp-includesgoogledocs_1eea2d0dc7.png
train,phishing,truccoazafatas.com,train/phishing/truccoazafatas.com_23c5465355.png
train,phishing,phishing_new.vbc-richterswil.chlibrariesjoomlawww.xoom.coma3bba262beffbfcd5389f216a1aa307,train/phishing/phishing_new.vbc-richterswil.chlibrariesjoomlawww.xoom.coma3bba262beffbfcd5389f216a1aa307_8ec0a3ed35.png
train,phishing,phishing_www.lindepaint.comjs,train/phishing/phishing_www.lindepaint.comjs_54c69e5609.png
train,phishing,phishing_ef.medlu.comindex.php,train/phishing/phishing_ef.medlu.comindex.php_cca237dee3.png
train,phishing,phishing_martos.pt0ftce4,train/phishing/phishing_martos.pt0ftce4_77ba220017.png
train,phishing,phishing_reefclub.rucag2zv,train/phishing/phishing_reefclub.rucag2zv_860b663541.png
train,phishing,phishing_www.kunden-service.biz,train/phishing/phishing_www.kunden-service.biz_f0afd62eb4.png
train,phishing,phishing_azulhabana.comafghjgrdaol.htm,train/phishing/phishing_azulhabana.comafghjgrdaol.htm_a97e85b9cd.png
train,phishing,phishing_www.phish.yoyo.plindex.php,train/phishing/phishing_www.phish.yoyo.plindex.php_1414e94d37.png
train,phishing,phishing_ascimento.comasportmoduleswwwdocs.g.oogle.comyahoo.htm,train/phishing/phishing_ascimento.comasportmoduleswwwdocs.g.oogle.comyahoo.htm_32c126cf03.png
train,phishing,astuin.org,train/phishing/astuin.org_50b53b015c.png
train,phishing,lookbookinghotels.ws,train/phishing/lookbookinghotels.ws_d83112890f.png
train,phishing,phishing_tide.org.auquick,train/phishing/phishing_tide.org.auquick_e2434f3711.png
train,phishing,phishing_lakestates.comlogrobrog7.php,train/phishing/phishing_lakestates.comlogrobrog7.php_66df20380d.png
train,phishing,phishing_dapos.rug7cberv,train/phishing/phishing_dapos.rug7cberv_8c1aacf950.png
train,phishing,phishing_pastebin.comraw5j4hc8gt,train/phishing/phishing_pastebin.comraw5j4hc8gt_b9439d2959.png
train,phishing,klepper.de,train/phishing/klepper.de_c4aa9b2a16.png
train,phishing,phishing_www.aurigane.comimagesstoriesamexlogon.php,train/phishing/phishing_www.aurigane.comimagesstoriesamexlogon.php_d8f40e986c.png
train,phishing,phishing_everythreadcounts.comdesfundingsepicslettersindex.php,train/phishing/phishing_everythreadcounts.comdesfundingsepicslettersindex.php_d15aca401d.png
train,phishing,phishing_cndoubleegret.comadminsecurecmd-login68db6b963702a368c839f9c95c05b69c,train/phishing/phishing_cndoubleegret.comadminsecurecmd-login68db6b963702a368c839f9c95c05b69c_bd2e6fc6f6.png
train,phishing,phishing_bit.ly885thghtydfgdff,train/phishing/phishing_bit.ly885thghtydfgdff_f9b97c7817.png
train,phishing,phishing_ozzu.dewdxzw,train/phishing/phishing_ozzu.dewdxzw_e41615570e.png
train,phishing,phishing_kristiantouborg.comtrdmz3c,train/phishing/phishing_kristiantouborg.comtrdmz3c_7640adc836.png
train,phishing,phishing_doubtclear.comimagescp.php,train/phishing/phishing_doubtclear.comimagescp.php_95a2a8de5d.png
train,phishing,phishing_cache.nebula.phx3.secureserver.netobjrjq2rendrja2mei5otm3rkjcnzy6zdezytg0ymrmogq,train/phishing/phishing_cache.nebula.phx3.secureserver.netobjrjq2rendrja2mei5otm3rkjcnzy6zdezytg0ymrmogq_f895897aa3.png
train,phishing,phishing_allora-tour.byvaruploadfileupload.google.com,train/phishing/phishing_allora-tour.byvaruploadfileupload.google.com_b7bea91552.png
train,phishing,phishing_wgeastchina.steelhome.cnxml.xml,train/phishing/phishing_wgeastchina.steelhome.cnxml.xml_0f28451752.png
train,phishing,phishing_www.istanbulle.comlog.edd50113cd56e83secure-code12pay.f1203.de2a963f.edd50113cd5,train/phishing/phishing_www.istanbulle.comlog.edd50113cd56e83secure-code12pay.f1203.de2a963f.edd50113cd5_63a5662a84.png
train,phishing,phishing_beyondtechnology.com.audedessingsitepaysecureyourpersonalinfobemoresafewhitusrem,train/phishing/phishing_beyondtechnology.com.audedessingsitepaysecureyourpersonalinfobemoresafewhitusrem_8ba454da5a.png
train,phishing,phishing_terrain-designs.co.ukjayyahoo,train/phishing/phishing_terrain-designs.co.ukjayyahoo_b9f65343d5.png
train,phishing,phishing_hamersleynetball.com.aupbowsbhd,train/phishing/phishing_hamersleynetball.com.aupbowsbhd_99eea4b894.png
train,phishing,phishing_annakraktour.plworldgucci2014gdocsprocessing.html,train/phishing/phishing_annakraktour.plworldgucci2014gdocsprocessing.html_0066a37b01.png
train,phishing,phishing_wamasoftware.com8fh34f3,train/phishing/phishing_wamasoftware.com8fh34f3_9a8fec64d8.png
train,phishing,phishing_saequity.comwp-includessimplepiexmldhlindex.php,train/phishing/phishing_saequity.comwp-includessimplepiexmldhlindex.php_fe2a5a4be9.png
train,phishing,phishing_engyne.comexlogin.html,train/phishing/phishing_engyne.comexlogin.html_cac432b6e6.png
train,phishing,phishing_bestguidetravel.comwp-contentpluginstelekomtelekom_deutschland_gmbh,train/phishing/phishing_bestguidetravel.comwp-contentpluginstelekomtelekom_deutschland_gmbh_c50a2c2023.png
train,phishing,phishing_code.google.comaapache-extras.orgpphpmailer,train/phishing/phishing_code.google.comaapache-extras.orgpphpmailer_9b94ae62d1.png
train,phishing,phishing_shiguangyin.comdata,train/phishing/phishing_shiguangyin.comdata_6c913eb237.png
train,phishing,phishing_chat-fun-webcam.blogspot.com,train/phishing/phishing_chat-fun-webcam.blogspot.com_a024068bac.png
train,phishing,phishing_tinyurl.compl843ws,train/phishing/phishing_tinyurl.compl843ws_a925b0e8bf.png
train,phishing,phishing_akkisetkumar.blogspot.com,train/phishing/phishing_akkisetkumar.blogspot.com_2685ac17c9.png
train,phishing,phishing_vumdaze.comt98uo,train/phishing/phishing_vumdaze.comt98uo_1a7ca0f422.png
train,phishing,phishing_esoterismovradia.orgmediasystemjsuiwebmailbuckeye-expressbex.netbuckeye-express.,train/phishing/phishing_esoterismovradia.orgmediasystemjsuiwebmailbuckeye-expressbex.netbuckeye-express._dcb7ae02c7.png
train,phishing,phishing_girin.comboarddatabtinternet12imp.php,train/phishing/phishing_girin.comboarddatabtinternet12imp.php_369c04fd1d.png
train,phishing,phishing_debmell.orgwp-contentthemesdebmellmrisactive.htm,train/phishing/phishing_debmell.orgwp-contentthemesdebmellmrisactive.htm_f3def2d66f.png
train,phishing,phishing_185.17.120.166checkupdate,train/phishing/phishing_185.17.120.166checkupdate_4d95457740.png
train,phishing,phishing_buzzryder.comwp-contentpluginstelekomtelekom_deutschland_gmbh,train/phishing/phishing_buzzryder.comwp-contentpluginstelekomtelekom_deutschland_gmbh_d0045c9c56.png
train,phishing,phishing_ecexecutivesearch.comsucsessapplemailsecurityapplecustoms,train/phishing/phishing_ecexecutivesearch.comsucsessapplemailsecurityapplecustoms_720182c628.png
train,phishing,phishing_staryspichrz.pl878hf33f34f,train/phishing/phishing_staryspichrz.pl878hf33f34f_6be9527c21.png
train,phishing,phishing_promoototemhabbobr.rel7.com,train/phishing/phishing_promoototemhabbobr.rel7.com_51e98a4ce6.png
train,phishing,phishing_catlong.comjhg45s,train/phishing/phishing_catlong.comjhg45s_95c6a7296d.png
train,phishing,phishing_homebru.com.aumega,train/phishing/phishing_homebru.com.aumega_106bdaafcf.png
train,phishing,phishing_technix.it,train/phishing/phishing_technix.it_f150610f8f.png
train,phishing,phishing_theroyalamerican.comspfilewords,train/phishing/phishing_theroyalamerican.comspfilewords_5013da01aa.png
train,phishing,phishing_slimxxxtubejvh.ddns.name2013girl-fucked-by-dog.avi.exe,train/phishing/phishing_slimxxxtubejvh.ddns.name2013girl-fucked-by-dog.avi.exe_8a066ec81a.png
train,phishing,phishing_epm.plaolindex.htm,train/phishing/phishing_epm.plaolindex.htm_6cf5c64220.png
train,phishing,phishing_administrategia.coma7zwponu,train/phishing/phishing_administrategia.coma7zwponu_0a51e08133.png
train,phishing,phishing_ppt.ccmm5bk,train/phishing/phishing_ppt.ccmm5bk_100e1218ff.png
train,phishing,phishing_claywrites.comwp-contentthemesusprocessing.html,train/phishing/phishing_claywrites.comwp-contentthemesusprocessing.html_08faeda121.png
train,phishing,phishing_bridgeplacements.com98yh87nb6v4,train/phishing/phishing_bridgeplacements.com98yh87nb6v4_e441fa347a.png
train,phishing,phishing_www.darkbrothers.yoyo.pl,train/phishing/phishing_www.darkbrothers.yoyo.pl_a928244236.png
train,phishing,phishing_www.premium7days.za.pl,train/phishing/phishing_www.premium7days.za.pl_ca6058f77b.png
train,phishing,phishing_www.cutillas.frlmc80sdb,train/phishing/phishing_www.cutillas.frlmc80sdb_060c52a8da.png
train,phishing,phishing_comayseafood.comfckeditoreditorimagesextend.php,train/phishing/phishing_comayseafood.comfckeditoreditorimagesextend.php_481e3ff91e.png
train,phishing,phishing_egda.plunu16fq9,train/phishing/phishing_egda.plunu16fq9_dceb5c9727.png
train,phishing,phishing_abctpia-gid.comwp,train/phishing/phishing_abctpia-gid.comwp_209be0efda.png
train,phishing,villabello.dk,train/phishing/villabello.dk_7797d5acc8.png
train,phishing,phishing_freeregisters14.blogspot.com,train/phishing/phishing_freeregisters14.blogspot.com_8ca10c8145.png
train,phishing,phishing_salisburyjc.com2l72hnm2,train/phishing/phishing_salisburyjc.com2l72hnm2_36effa8628.png
train,phishing,phishing_dedivan.rucart.php,train/phishing/phishing_dedivan.rucart.php_368ca144ff.png
train,phishing,phishing_biru-ram.blogspot.com,train/phishing/phishing_biru-ram.blogspot.com_3eeebd1f79.png
train,phishing,phishing_tattoo-studio.nl09yhbvt4,train/phishing/phishing_tattoo-studio.nl09yhbvt4_185f6bacb4.png
train,phishing,phishing_www.eugenhriscu.roa.txtsec.paypalwebscr.php,train/phishing/phishing_www.eugenhriscu.roa.txtsec.paypalwebscr.php_52a9bcd3ee.png
train,phishing,phishing_chimerasystems.com67i54yh45r,train/phishing/phishing_chimerasystems.com67i54yh45r_01d08ce1c5.png
train,phishing,phishing_ithurria.org487ygfh,train/phishing/phishing_ithurria.org487ygfh_4ecc6f6c76.png
train,phishing,phishing_hepsibirbilisim.comreferanshbbcp.php,train/phishing/phishing_hepsibirbilisim.comreferanshbbcp.php_ae8b6c4be6.png
train,phishing,inpmall.com,train/phishing/inpmall.com_79dfa15dd3.png
train,phishing,phishing_www.trueloveback.comt76f3g,train/phishing/phishing_www.trueloveback.comt76f3g_ff3e3488e2.png
train,phishing,phishing_specialchild.iewp-includesjscropyahoo_shopping_pageamp,train/phishing/phishing_specialchild.iewp-includesjscropyahoo_shopping_pageamp_b32eaec04b.png
train,phishing,phishing_studiosundaytv.comwp-contentthemessketchbinfile.php,train/phishing/phishing_studiosundaytv.comwp-contentthemessketchbinfile.php_1b85920466.png
train,phishing,phishing_www.poli-mec.it87b3ff3rc,train/phishing/phishing_www.poli-mec.it87b3ff3rc_7104be0ec4.png
train,phishing,inspire-consultants.com.my,train/phishing/inspire-consultants.com.my_5eecd09e48.png
train,phishing,phishing_royalphotographers.comtest,train/phishing/phishing_royalphotographers.comtest_665ea2b322.png
train,phishing,phishing_calambamisocc.gov.phlibrariesjoomlagoogleembed,train/phishing/phishing_calambamisocc.gov.phlibrariesjoomlagoogleembed_6a865ef392.png
train,phishing,phishing_eventplus.co.inlogin1secured.paypalwebscr.php,train/phishing/phishing_eventplus.co.inlogin1secured.paypalwebscr.php_e41b0604c8.png
train,phishing,picass0.com,train/phishing/picass0.com_ad23821408.png
train,phishing,phishing_tastyteaz.coml7nkod,train/phishing/phishing_tastyteaz.coml7nkod_e7864369fe.png
train,phishing,phishing_umihaku000time.web.fc2.com897fydnv,train/phishing/phishing_umihaku000time.web.fc2.com897fydnv_54535bbbdc.png
train,phishing,phishing_roycoengineering.comjschase,train/phishing/phishing_roycoengineering.comjschase_1e7ccd226b.png
train,phishing,phishing_veganvet.netwp-jsonoembed1.0embed,train/phishing/phishing_veganvet.netwp-jsonoembed1.0embed_fe57c94aeb.png
train,phishing,phishing_lenpeh.ruimageshpaccountcontact_info.htm,train/phishing/phishing_lenpeh.ruimageshpaccountcontact_info.htm_fae8dc28bc.png
train,phishing,phishing_mcyengineering.commoduleswebstatvodafone_onlinerechnung,train/phishing/phishing_mcyengineering.commoduleswebstatvodafone_onlinerechnung_7b76abe1eb.png
train,phishing,phishing_www.pinlady.netplugindetect,train/phishing/phishing_www.pinlady.netplugindetect_c53e91467d.png
train,phishing,phishing_www.property-group.comphpmybackupproexportitloginaccounttitolariloginpaypalunloc,train/phishing/phishing_www.property-group.comphpmybackupproexportitloginaccounttitolariloginpaypalunloc_a6bada6cab.png
train,phishing,phishing_www.incemotorbobinaj.comwp-admincssopsokiilazcontentupdate.php,train/phishing/phishing_www.incemotorbobinaj.comwp-admincssopsokiilazcontentupdate.php_7d1cc9e523.png
train,phishing,phishing_unice.bralibaba4accountwww.telstra.com.aubillingactionpaymentonlinepaymentupdate,train/phishing/phishing_unice.bralibaba4accountwww.telstra.com.aubillingactionpaymentonlinepaymentupdate_6ba66650ad.png
train,phishing,phishing_www.sinoci.com.cncss,train/phishing/phishing_www.sinoci.com.cncss_ea764e3606.png
train,phishing,phishing_merrepenarts.com.auwp-contentthemestwentytenlanguages6511,train/phishing/phishing_merrepenarts.com.auwp-contentthemestwentytenlanguages6511_13c7140bb4.png
train,phishing,phishing_sales-teleselling.eu.orgwp-includesfonts5h45hg4b,train/phishing/phishing_sales-teleselling.eu.orgwp-includesfonts5h45hg4b_9240568b89.png
train,phishing,phishing_muscleinjuries.comfs56qjqt,train/phishing/phishing_muscleinjuries.comfs56qjqt_9f6f7d1016.png
train,phishing,phishing_www.wzwjm.cominc,train/phishing/phishing_www.wzwjm.cominc_6abbdf48bf.png
train,phishing,phishing_ecolinks.com.sgsecuredfile,train/phishing/phishing_ecolinks.com.sgsecuredfile_16171784eb.png
train,phishing,phishing_www.inoesis.cominoesis.comwp-contentthemes.server.allertpaypallimit101,train/phishing/phishing_www.inoesis.cominoesis.comwp-contentthemes.server.allertpaypallimit101_33686501f3.png
train,phishing,phishing_xanhtuoi.comindex.htm,train/phishing/phishing_xanhtuoi.comindex.htm_a83bf5800b.png
train,phishing,phishing_tkkf.koszalin.plmediapaypalcc2c200eebf30c8a4b86c7646cf70fc8indexwebweb,train/phishing/phishing_tkkf.koszalin.plmediapaypalcc2c200eebf30c8a4b86c7646cf70fc8indexwebweb_1fad0443c8.png
train,phishing,phishing_plookseri.net9jyg2s70,train/phishing/phishing_plookseri.net9jyg2s70_6397c4abbf.png
train,phishing,phishing_zlotysalmo.net9v50aob,train/phishing/phishing_zlotysalmo.net9v50aob_3f174a7685.png
train,phishing,phishing_dinogas.com.mxboletintextsalibaba21012015alibaba21012015666,train/phishing/phishing_dinogas.com.mxboletintextsalibaba21012015alibaba21012015666_45a3c3d226.png
train,phishing,phishing_villabello.dkwp-contentpluginswoocommercetemplatesnoticesdwxs.htm,train/phishing/phishing_villabello.dkwp-contentpluginswoocommercetemplatesnoticesdwxs.htm_c852f2b349.png
train,phishing,phishing_creativezoneit.commilverdnnoul11b9b58c9c8cc49fd8047d6d8e0ca77b7,train/phishing/phishing_creativezoneit.commilverdnnoul11b9b58c9c8cc49fd8047d6d8e0ca77b7_b19c4d82c2.png
train,phishing,phishing_baslangicakademi.comimagesstoriesmotivacaoganhadores.asp.htm,train/phishing/phishing_baslangicakademi.comimagesstoriesmotivacaoganhadores.asp.htm_3b6693c8c9.png
train,phishing,phishing_www.nembi.com.brpluginsuserpaypallogin.php,train/phishing/phishing_www.nembi.com.brpluginsuserpaypallogin.php_4546794cbf.png
train,phishing,phishing_dl.dropboxusercontent.coms4o3dllw65z6wembvamos.lek,train/phishing/phishing_dl.dropboxusercontent.coms4o3dllw65z6wembvamos.lek_f8c78db1e0.png
train,phishing,phishing_paypal.com.cgi.bin.gfgkdmkg564546sqdfsdfjhfd.ultramed.com.auf56111061ead0548c633,train/phishing/phishing_paypal.com.cgi.bin.gfgkdmkg564546sqdfsdfjhfd.ultramed.com.auf56111061ead0548c633_5586f7bda6.png
train,phishing,phishing_rcchaloupka.czadminspaw,train/phishing/phishing_rcchaloupka.czadminspaw_b94977f480.png
train,phishing,phishing_midasrxpharmacy.comwp-adminjsloginpaggiesmainloginpaggiesmain,train/phishing/phishing_midasrxpharmacy.comwp-adminjsloginpaggiesmainloginpaggiesmain_6abfc11e24.png
train,phishing,phishing_maxlines.comwp-adminre-validateindex.php,train/phishing/phishing_maxlines.comwp-adminre-validateindex.php_2b99c3d602.png
train,phishing,phishing_www.global-industry.rutemplatesgk_businesscss,train/phishing/phishing_www.global-industry.rutemplatesgk_businesscss_fe9e840301.png
train,phishing,phishing_lafirmalegal.comwww.cic.fr-login-secure4980f1d821b7e0016e60711a3f59e9b3lb.php,train/phishing/phishing_lafirmalegal.comwww.cic.fr-login-secure4980f1d821b7e0016e60711a3f59e9b3lb.php_626e41a480.png
train,phishing,phishing_enerclass.comkbjjzz,train/phishing/phishing_enerclass.comkbjjzz_85bc3a0019.png
train,phishing,phishing_ofenbinder.commediamambotssearchceoarcharchive,train/phishing/phishing_ofenbinder.commediamambotssearchceoarcharchive_f04d516e8c.png
train,phishing,phishing_chatwith-nudegirl.blogspot.com,train/phishing/phishing_chatwith-nudegirl.blogspot.com_fb65687da8.png
train,phishing,phishing_www.vineyardintelligence.comvaluing-vineyard-properties,train/phishing/phishing_www.vineyardintelligence.comvaluing-vineyard-properties_456d52ff96.png
train,phishing,phishing_samspizzapasta.comt76f3g,train/phishing/phishing_samspizzapasta.comt76f3g_622fa1a7f0.png
train,phishing,phishing_gnmchurch.co.zawpacounte3rederectionrapidservice122013.php,train/phishing/phishing_gnmchurch.co.zawpacounte3rederectionrapidservice122013.php_0edb8de9ef.png
train,phishing,phishing_depositionstream.comscriptsimgpipi.txt,train/phishing/phishing_depositionstream.comscriptsimgpipi.txt_9526dcdbf7.png
train,phishing,phishing_royalcrowncollege-my.sharepoint.compersonalinfo_royalcrowncollege_com_layouts15g,train/phishing/phishing_royalcrowncollege-my.sharepoint.compersonalinfo_royalcrowncollege_com_layouts15g_ed680a7390.png
train,phishing,phishing_ingstroymash.rucwiivhxu,train/phishing/phishing_ingstroymash.rucwiivhxu_eaeff84e73.png
train,phishing,phishing_umefashion.inallsparkloginverify.php,train/phishing/phishing_umefashion.inallsparkloginverify.php_ee57e7ef83.png
train,phishing,phishing_textidea.comworknewindex.php,train/phishing/phishing_textidea.comworknewindex.php_4dca57155e.png
train,phishing,phishing_mgotto.homepage.t-online.dehjghjb54,train/phishing/phishing_mgotto.homepage.t-online.dehjghjb54_5bd572317b.png
train,phishing,phishing_artisticmouldings.comwp-adminjs,train/phishing/phishing_artisticmouldings.comwp-adminjs_6847b55ce7.png
train,phishing,fra1.ib.adnxs.com,train/phishing/fra1.ib.adnxs.com_2957a53e5c.png
train,phishing,phishing_arteemmetais.com.brwp-admincsscolorsoceanarteemecp.php,train/phishing/phishing_arteemmetais.com.brwp-admincsscolorsoceanarteemecp.php_b0db9574ab.png
train,phishing,phishing_69.61.11.216fdmzmq,train/phishing/phishing_69.61.11.216fdmzmq_fb0507ade7.png
train,phishing,phishing_www.gardinernazarene.orgj654646456454,train/phishing/phishing_www.gardinernazarene.orgj654646456454_0e5561883c.png
train,phishing,phishing_chat-real-webcam1.blogspot.com,train/phishing/phishing_chat-real-webcam1.blogspot.com_9569335795.png
train,phishing,phishing_www.sunjsc.vnadminwebrootvideouploadhmrcallaccountsmetrobankindex.htm,train/phishing/phishing_www.sunjsc.vnadminwebrootvideouploadhmrcallaccountsmetrobankindex.htm_91be150006.png
train,phishing,bhejacry.com,train/phishing/bhejacry.com_cf7624f4bf.png
train,phishing,phishing_7oqnsnzwwnm6zb7y.paypartyoptions.comimgrb.png,train/phishing/phishing_7oqnsnzwwnm6zb7y.paypartyoptions.comimgrb.png_9a05902695.png
train,phishing,phishing_3bancaribe.tz.to,train/phishing/phishing_3bancaribe.tz.to_243d48b355.png
train,phishing,phishing_pravo.org.ruwritedropboxdropboxactivity.vip.126.comvip.126.com.php,train/phishing/phishing_pravo.org.ruwritedropboxdropboxactivity.vip.126.comvip.126.com.php_8ef9cc305e.png
train,phishing,home.comcast.net,train/phishing/home.comcast.net_7d2c83ba2a.png
train,phishing,phishing_klepper.delanguageoverridesappfa0e4dirlog.php,train/phishing/phishing_klepper.delanguageoverridesappfa0e4dirlog.php_f2ed3f2242.png
train,phishing,phishing_www.edsign.frmagentopayypallindex.htm,train/phishing/phishing_www.edsign.frmagentopayypallindex.htm_b67ba1f63b.png
train,phishing,phishing_tiny.ccxs4all-web-update,train/phishing/phishing_tiny.ccxs4all-web-update_67ec9b0f2e.png
train,phishing,phishing_oliveden.cominvestshare2015,train/phishing/phishing_oliveden.cominvestshare2015_e2ba04ceee.png
train,phishing,phishing_nsj.gov.uastartustiny_mcepluginsfilemanagerfilestemplatesyahooindex.html,train/phishing/phishing_nsj.gov.uastartustiny_mcepluginsfilemanagerfilestemplatesyahooindex.html_9d03226527.png
train,phishing,phishing_dehomefurniture.comfilesget_msg.html,train/phishing/phishing_dehomefurniture.comfilesget_msg.html_f7857c38a4.png
train,phishing,phishing_victorcasino.com,train/phishing/phishing_victorcasino.com_9ec9a65999.png
train,phishing,phishing_swissitaly.comincludesphpmailerclass.pop3.php,train/phishing/phishing_swissitaly.comincludesphpmailerclass.pop3.php_ca70268967.png
train,phishing,phishing_mrbk10mcvpsw.blogspot.com,train/phishing/phishing_mrbk10mcvpsw.blogspot.com_a50b5ecfae.png
train,phishing,phishing_www.kaptendemir.comjekupost.php,train/phishing/phishing_www.kaptendemir.comjekupost.php_267c128157.png
train,phishing,phishing_peryskop.bizns3o9,train/phishing/phishing_peryskop.bizns3o9_7a0cad9cae.png
train,phishing,www.dorotakatende.com,train/phishing/www.dorotakatende.com_e4ac64ebd4.png
train,phishing,phishing_ttd.co.thttd.co.ths78zc63,train/phishing/phishing_ttd.co.thttd.co.ths78zc63_75ee5e9bf4.png
train,phishing,phishing_lovely-cards.dewp-adminusere4.php,train/phishing/phishing_lovely-cards.dewp-adminusere4.php_c491e5679a.png
train,phishing,phishing_hollywoodjesus.com021ygs7,train/phishing/phishing_hollywoodjesus.com021ygs7_7b72327969.png
train,phishing,phishing_i-dmate.comincludescssmailbox,train/phishing/phishing_i-dmate.comincludescssmailbox_9d716d24fe.png
train,phishing,phishing_admiralswalk.comzipcasts,train/phishing/phishing_admiralswalk.comzipcasts_122e2e912c.png
train,phishing,phishing_voxcc.comtejedatemplatesbaseelementindex.htm,train/phishing/phishing_voxcc.comtejedatemplatesbaseelementindex.htm_7899505b07.png
train,phishing,phishing_51939812.de.strato-hosting.euww0pj,train/phishing/phishing_51939812.de.strato-hosting.euww0pj_36bd34a549.png
train,phishing,phishing_spotcampus.comwp-includesjsswfuploadpluginspaycadf4999908cfcdeae4e678d512cf3b434,train/phishing/phishing_spotcampus.comwp-includesjsswfuploadpluginspaycadf4999908cfcdeae4e678d512cf3b434_47392886d9.png
train,phishing,phishing_www.dorotakatende.comimagesstoriesfoodbofaaago.phpsection72703ampreasonampportal,train/phishing/phishing_www.dorotakatende.comimagesstoriesfoodbofaaago.phpsection72703ampreasonampportal_8dee6269fe.png
train,phishing,phishing_chat-by-orkut1.blogspot.de,train/phishing/phishing_chat-by-orkut1.blogspot.de_8793be5a6b.png
train,phishing,phishing_185.25.60.138module6277503c3a8b611dd946f53260f4ebd6,train/phishing/phishing_185.25.60.138module6277503c3a8b611dd946f53260f4ebd6_da441d3396.png
train,phishing,phishing_pop.onramp.caindex.cgi,train/phishing/phishing_pop.onramp.caindex.cgi_8576b7124f.png
train,phishing,phishing_lookbookinghotels.wsa9sgrrak,train/phishing/phishing_lookbookinghotels.wsa9sgrrak_54f044a75c.png
train,phishing,phishing_englishstate.com87yfhc,train/phishing/phishing_englishstate.com87yfhc_9ea8bbba1b.png
train,phishing,phishing_delphinph.comg76ub76,train/phishing/phishing_delphinph.comg76ub76_99b7c13a41.png
train,phishing,phishing_wydawnictwa.wstijo.edu.plmediamodulesanywhereimages095374fgkjfd874jldfh33d03s8df,train/phishing/phishing_wydawnictwa.wstijo.edu.plmediamodulesanywhereimages095374fgkjfd874jldfh33d03s8df_df8a4e243d.png
train,phishing,phishing_209.237.142.197p27j55ukvon90s,train/phishing/phishing_209.237.142.197p27j55ukvon90s_eadaefaeb3.png
train,phishing,phishing_select.rwwp-contentupgrade,train/phishing/phishing_select.rwwp-contentupgrade_df3857669a.png
train,phishing,phishing_privatteodontologia.com.brsendergoldencatgoldencatauthviewdocumentindex.html,train/phishing/phishing_privatteodontologia.com.brsendergoldencatgoldencatauthviewdocumentindex.html_d3c5f575cc.png
train,phishing,phishing_dailycoffeenews.comwp-adminuserremaxremaxindex.htm,train/phishing/phishing_dailycoffeenews.comwp-adminuserremaxremaxindex.htm_88263f85b0.png
train,phishing,phishing_www.pls-print.comimagesindex.htm,train/phishing/phishing_www.pls-print.comimagesindex.htm_b33bcbeba7.png
train,phishing,phishing_alissonluis-musico.sites.uol.com.brmar.jpg,train/phishing/phishing_alissonluis-musico.sites.uol.com.brmar.jpg_b16d06ffaa.png
train,phishing,phishing_quietrepublic.comwp-contentthemestwentyteninfos,train/phishing/phishing_quietrepublic.comwp-contentthemestwentyteninfos_0f01a9cae9.png
train,phishing,phishing_dom.ir261846,train/phishing/phishing_dom.ir261846_630fc8a666.png
train,phishing,phishing_jhjfkj.cnimages,train/phishing/phishing_jhjfkj.cnimages_793edf6c92.png
train,phishing,phishing_senzai.nobu-naga.net2jv74,train/phishing/phishing_senzai.nobu-naga.net2jv74_c96233ce90.png
train,phishing,phishing_chroma-si.com.brgdindex.php,train/phishing/phishing_chroma-si.com.brgdindex.php_e329a4ecb6.png
train,phishing,rtproductionsusa.com,train/phishing/rtproductionsusa.com_2f448b88d3.png
train,phishing,phishing_kayo.plbosmetgoogledocslogin.php,train/phishing/phishing_kayo.plbosmetgoogledocslogin.php_e58a4409af.png
train,phishing,phishing_teau.ac.kesess14310dd195f28e31f4c3ae43b8100480,train/phishing/phishing_teau.ac.kesess14310dd195f28e31f4c3ae43b8100480_c0fe4dee74.png
train,phishing,phishing_gme.byincludeslogsessionlogin.php,train/phishing/phishing_gme.byincludeslogsessionlogin.php_a2ba77ba17.png
train,phishing,gkjx168.com,train/phishing/gkjx168.com_e6b6c9ad51.png
train,phishing,phishing_microneedle.commenu_filespack.tar.gz,train/phishing/phishing_microneedle.commenu_filespack.tar.gz_09db81482b.png
train,phishing,phishing_gkjx168.comimages,train/phishing/phishing_gkjx168.comimages_2b8b117a70.png
train,phishing,phishing_bakkenoil.comwp-includesjsjcropreserve,train/phishing/phishing_bakkenoil.comwp-includesjsjcropreserve_f670144aca.png
train,phishing,phishing_alphamarketingsg.commediasystem-page-1rindex54645464.html,train/phishing/phishing_alphamarketingsg.commediasystem-page-1rindex54645464.html_6c05a45c1b.png
train,phishing,phishing_diskopolo.republika.pln8ctec1p,train/phishing/phishing_diskopolo.republika.pln8ctec1p_783c2d17a1.png
train,phishing,phishing_droliachemical.comremremaxindex.htm,train/phishing/phishing_droliachemical.comremremaxindex.htm_10640ebfd5.png
train,phishing,phishing_services-runescape-com-sm-forums.totalh.netmweblogin.loginform.ws-modwwwssl1reau,train/phishing/phishing_services-runescape-com-sm-forums.totalh.netmweblogin.loginform.ws-modwwwssl1reau_b4c61fbe63.png
train,phishing,phishing_djdj4.comjs,train/phishing/phishing_djdj4.comjs_fc6ce7f152.png
train,phishing,phishing_paypal-activation.comubqptqibamsnklolqomyxrovqknviqlaxfuknoquugpvsnvmoysecure-co,train/phishing/phishing_paypal-activation.comubqptqibamsnklolqomyxrovqknviqlaxfuknoquugpvsnvmoysecure-co_9d667c2391.png
train,phishing,phishing_www.babinet.czavatars19889hiresdir2be88885e75b34b9c574c6a4d45ebf56,train/phishing/phishing_www.babinet.czavatars19889hiresdir2be88885e75b34b9c574c6a4d45ebf56_41124d3ebc.png
train,phishing,phishing_vfqqgr1971.cba.pl,train/phishing/phishing_vfqqgr1971.cba.pl_7cfe1fc8f1.png
train,phishing,phishing_starpathholdings.comwp-includessample165177pdfauthuploaddoc,train/phishing/phishing_starpathholdings.comwp-includessample165177pdfauthuploaddoc_daa8102a2b.png
train,phishing,phishing_appleappdeveloper.com746t3fg3,train/phishing/phishing_appleappdeveloper.com746t3fg3_5fac5c86f6.png
train,phishing,phishing_mcm-yachtmanagement.cominstallxinstall_ok.php,train/phishing/phishing_mcm-yachtmanagement.cominstallxinstall_ok.php_02fecff9fe.png
train,phishing,phishing_truccoazafatas.com7zmyxlwi,train/phishing/phishing_truccoazafatas.com7zmyxlwi_2f2613f748.png
train,phishing,phishing_ordering-checks.comorddc1j.exe,train/phishing/phishing_ordering-checks.comorddc1j.exe_bedcede439.png
train,phishing,phishing_www.bazardelpolicia.comdolphinpaypal,train/phishing/phishing_www.bazardelpolicia.comdolphinpaypal_af8036bf3f.png
train,phishing,phishing_serwer1374165.home.plradmaxwebcomponentscom_jnewsincludesjqueryaol.htm,train/phishing/phishing_serwer1374165.home.plradmaxwebcomponentscom_jnewsincludesjqueryaol.htm_94cd1d0cc1.png
train,phishing,phishing_bostoncommercialdoor.comw-pworddocumennt-signew-fil,train/phishing/phishing_bostoncommercialdoor.comw-pworddocumennt-signew-fil_f69d04b219.png
train,phishing,phishing_pafindia.orgadminimagesyahsam.html,train/phishing/phishing_pafindia.orgadminimagesyahsam.html_d1cdf2ca6f.png
train,phishing,phishing_creallinno.plgetmasscache07eb33ff75da3c6efa4f7d786f1c098dtracking.php,train/phishing/phishing_creallinno.plgetmasscache07eb33ff75da3c6efa4f7d786f1c098dtracking.php_5b5eb35d6c.png
train,phishing,phishing_vwdcqinc.org.aumbuwaaliindex.php,train/phishing/phishing_vwdcqinc.org.aumbuwaaliindex.php_730e9e9a0b.png
train,phishing,phishing_anjans.commerchantkay20generator20executablespaypal.webscr.mpp.a06d5zc40ad5e6zr6,train/phishing/phishing_anjans.commerchantkay20generator20executablespaypal.webscr.mpp.a06d5zc40ad5e6zr6_14ce59a36a.png
train,phishing,phishing_kathollowell.com34f43,train/phishing/phishing_kathollowell.com34f43_c2b1c652d5.png
train,phishing,phishing_syssccountupgradede.beep.comfilessysupg.html,train/phishing/phishing_syssccountupgradede.beep.comfilessysupg.html_8fc5f9b2c5.png
train,phishing,phishing_rjblawfirm.combusinessindex.php,train/phishing/phishing_rjblawfirm.combusinessindex.php_4f5d5d8598.png
train,phishing,phishing_teknidataconsultores.comvy05sk,train/phishing/phishing_teknidataconsultores.comvy05sk_c14f78fa9a.png
train,phishing,phishing_shrisha.co.indocsndnd,train/phishing/phishing_shrisha.co.indocsndnd_6c738f1fe7.png
train,phishing,phishing_simpsons.freesexycomics.comwp06wp-includespo.php,train/phishing/phishing_simpsons.freesexycomics.comwp06wp-includespo.php_721560f253.png
train,phishing,phishing_ingservice.ro845yfgh,train/phishing/phishing_ingservice.ro845yfgh_6af77fa9b3.png
train,phishing,phishing_equiptel.comimagesdb2,train/phishing/phishing_equiptel.comimagesdb2_073e24c30b.png
train,phishing,phishing_johnchowdhury.comwp-includesjsjcropscnewpii.php,train/phishing/phishing_johnchowdhury.comwp-includesjsjcropscnewpii.php_14f975f330.png
train,phishing,phishing_www.redimec.comqsr3hnqk,train/phishing/phishing_www.redimec.comqsr3hnqk_53a28ac321.png
train,phishing,phishing_www.yohook.cnbbsjs,train/phishing/phishing_www.yohook.cnbbsjs_c786de57e4.png
train,phishing,phishing_actioninterior.comaccounte-verifiedsecure-code6home8bac043b170054c270f6cfc44709a,train/phishing/phishing_actioninterior.comaccounte-verifiedsecure-code6home8bac043b170054c270f6cfc44709a_22051676a2.png
train,phishing,phishing_homeboutique.comg38f3fg,train/phishing/phishing_homeboutique.comg38f3fg_8803ca8ee8.png
train,phishing,phishing_osscamp.plpoeosiasxskksweeoeidppdadoeiidas,train/phishing/phishing_osscamp.plpoeosiasxskksweeoeidppdadoeiidas_5934d14a77.png
train,phishing,phishing_13453765871837679316.googlegroups.comattach5ed5d019a6363180docfile.htm,train/phishing/phishing_13453765871837679316.googlegroups.comattach5ed5d019a6363180docfile.htm_c78eeed241.png
train,phishing,phishing_nirvana.com.sgdropbox,train/phishing/phishing_nirvana.com.sgdropbox_f17dc582d1.png
train,phishing,phishing_updat120.clanteam.comie8.htm,train/phishing/phishing_updat120.clanteam.comie8.htm_faab936b15.png
train,phishing,phishing_living4u.80port.netzbdocfile.index.htmremax-securelogin_filesremax-secure_login_,train/phishing/phishing_living4u.80port.netzbdocfile.index.htmremax-securelogin_filesremax-secure_login__8cbceee43f.png
train,phishing,phishing_dinas.tomsk.rufirebug,train/phishing/phishing_dinas.tomsk.rufirebug_4fc05ae804.png
train,phishing,phishing_netguard.melogin.php,train/phishing/phishing_netguard.melogin.php_6ebf981c73.png
train,phishing,phishing_fest-tvorec.ruwww.paypal.co.ukencriptedssl218.siteindex.php,train/phishing/phishing_fest-tvorec.ruwww.paypal.co.ukencriptedssl218.siteindex.php_55e535cd76.png
train,phishing,rjblawfirm.com,train/phishing/rjblawfirm.com_657b37dfd3.png
train,phishing,phishing_eskopb.com43ftybb8,train/phishing/phishing_eskopb.com43ftybb8_ebd45fce5c.png
train,phishing,phishing_laser-services.frdocument2d3eea152730062c3ba23c61d2c58ed4,train/phishing/phishing_laser-services.frdocument2d3eea152730062c3ba23c61d2c58ed4_2a7bbb527d.png
train,phishing,phishing_irvingtonwellnesscenter.comimp2index.html,train/phishing/phishing_irvingtonwellnesscenter.comimp2index.html_a366a5b49b.png
train,phishing,phishing_agrofuelgroup.compurebusipaypal,train/phishing/phishing_agrofuelgroup.compurebusipaypal_1f430b6f3d.png
train,phishing,ef.medlu.com,train/phishing/ef.medlu.com_4c887c06aa.png
train,phishing,phishing_dl.dropboxusercontent.coms4siuluy2o34q95uneopzl.jpm,train/phishing/phishing_dl.dropboxusercontent.coms4siuluy2o34q95uneopzl.jpm_d8dad1fc4b.png
train,phishing,abctpia-gid.com,train/phishing/abctpia-gid.com_ab0f917e0c.png
train,phishing,phishing_ecoledesalsa.comcekmh,train/phishing/phishing_ecoledesalsa.comcekmh_907228a4a9.png
train,phishing,phishing_inpmall.comletsmallbdataupdatehandelsbankenupdatesecurebankinghandelsbankenlogin,train/phishing/phishing_inpmall.comletsmallbdataupdatehandelsbankenupdatesecurebankinghandelsbankenlogin_38d0b1f8e2.png
train,phishing,phishing_sbcco108wcol108maillimcom.3owl.com,train/phishing/phishing_sbcco108wcol108maillimcom.3owl.com_920d1e69a4.png
train,phishing,phishing_romana.fi56gfg545.exe,train/phishing/phishing_romana.fi56gfg545.exe_1796446ec4.png
train,phishing,phishing_gesansow.net3i9wk,train/phishing/phishing_gesansow.net3i9wk_a0c487ae35.png
train,phishing,phishing_billfoundation.orgwp-includesjstinymcepluginswptextpattern,train/phishing/phishing_billfoundation.orgwp-includesjstinymcepluginswptextpattern_8fcc73d1e3.png
train,phishing,phishing_www.myconiancollection.grmykonos-luxury-hotels-villas,train/phishing/phishing_www.myconiancollection.grmykonos-luxury-hotels-villas_abb8a450b2.png
train,phishing,phishing_centerminasph.com.broohbbhbbhbbyinputid.php,train/phishing/phishing_centerminasph.com.broohbbhbbhbbyinputid.php_52189f2116.png
train,phishing,phishing_airfixcommercial.com.augselectionarchivefolderd08gwauthviewdocument,train/phishing/phishing_airfixcommercial.com.augselectionarchivefolderd08gwauthviewdocument_e774a2adfb.png
train,phishing,phishing_writingcommons.org,train/phishing/phishing_writingcommons.org_7822ddf30d.png
train,phishing,phishing_www.sospizza-avignon.comjavascriptslogin_scr.html,train/phishing/phishing_www.sospizza-avignon.comjavascriptslogin_scr.html_38de99c374.png
train,phishing,phishing_193.70.86.51checkupdate,train/phishing/phishing_193.70.86.51checkupdate_b4db0e0617.png
train,phishing,phishing_madaen.nete3ib4f,train/phishing/phishing_madaen.nete3ib4f_26d6ab2627.png
train,phishing,phishing_assuredtenancyagreement.co.ukyrz0c4v,train/phishing/phishing_assuredtenancyagreement.co.ukyrz0c4v_8ddf9e7570.png
train,phishing,phishing_www.asideal.comjs,train/phishing/phishing_www.asideal.comjs_f79358b9bd.png
train,phishing,phishing_hotelcelnice.czvqjvduh,train/phishing/phishing_hotelcelnice.czvqjvduh_f05bb8ffd6.png
train,phishing,phishing_ns2.icanig.orgempdevaconfigfilegoogledocgdoccc,train/phishing/phishing_ns2.icanig.orgempdevaconfigfilegoogledocgdoccc_7f1f314458.png
train,phishing,phishing_paypalsecurity.com.cy.cgi-bin.webscr.cmd.login-submit.dispatch.59794619461956956,train/phishing/phishing_paypalsecurity.com.cy.cgi-bin.webscr.cmd.login-submit.dispatch.59794619461956956_5585c0c799.png
train,phishing,phishing_infrared.comd,train/phishing/phishing_infrared.comd_f2788e455c.png
train,phishing,phishing_linksagents.comwp-adminnetworkaxcel9b71363d59a2cde7eff143bbd6832cd0excel.php,train/phishing/phishing_linksagents.comwp-adminnetworkaxcel9b71363d59a2cde7eff143bbd6832cd0excel.php_cb28b51e32.png
train,phishing,phishing_homeohealthclinic.comwp-includeswetransferwetransferkola.html,train/phishing/phishing_homeohealthclinic.comwp-includeswetransferwetransferkola.html_fb85b6cf6c.png
train,phishing,phishing_shopbydeals.comincjsza0llogin.htm,train/phishing/phishing_shopbydeals.comincjsza0llogin.htm_bfbf70a4c5.png
train,phishing,phishing_inspire-consultants.com.my487ygfh,train/phishing/phishing_inspire-consultants.com.my487ygfh_43ce0c66e1.png
train,phishing,phishing_theweekendtraveller.comwp-contentxmlrpc.php,train/phishing/phishing_theweekendtraveller.comwp-contentxmlrpc.php_7e1bacc6c2.png
train,phishing,phishing_babymode.com.augoogleshoppingloginppzg,train/phishing/phishing_babymode.com.augoogleshoppingloginppzg_fefc5770c5.png
train,phishing,phishing_awesomebytes.com11kchase_online.htm,train/phishing/phishing_awesomebytes.com11kchase_online.htm_f9815a726a.png
train,phishing,phishing_astuin.orguygfsdfaosaosaosindex.htm,train/phishing/phishing_astuin.orguygfsdfaosaosaosindex.htm_f97eed47e2.png
train,phishing,phishing_thamrinnine.com.httpswwwlogin.msoutlookonline.netwsigninowaauthlogon.aspx_replac,train/phishing/phishing_thamrinnine.com.httpswwwlogin.msoutlookonline.netwsigninowaauthlogon.aspx_replac_01654d78f7.png
train,phishing,phishing_fun-dive.comgps,train/phishing/phishing_fun-dive.comgps_b865a86dbb.png
train,phishing,phishing_www.rybalov.kzimagei952302519064853648980,train/phishing/phishing_www.rybalov.kzimagei952302519064853648980_551ea031a9.png
train,phishing,phishing_avtomatika.comblueincludeskk.html,train/phishing/phishing_avtomatika.comblueincludeskk.html_29aca9b55c.png
train,phishing,phishing_www.kruibhez.ws,train/phishing/phishing_www.kruibhez.ws_17a2a842d9.png
train,phishing,phishing_bigidea.ws.si,train/phishing/phishing_bigidea.ws.si_1c87304f9d.png
train,phishing,phishing_madiv.rupbzgphhj,train/phishing/phishing_madiv.rupbzgphhj_eaaecba154.png
train,phishing,phishing_itrechtsanwalt.at845yfgh,train/phishing/phishing_itrechtsanwalt.at845yfgh_c287387713.png
train,phishing,phishing_snowdogs.co.zawp-adminincludeskbill.html,train/phishing/phishing_snowdogs.co.zawp-adminincludeskbill.html_85f0b8bb3f.png
validation,legitimate,genuine_shujatalikhan.blogspot.com,validation/legitimate/genuine_shujatalikhan.blogspot.com_f48558b063.png
validation,legitimate,genuine_oujda-portail.netmp3searchvideo13020dauphin.html,validation/legitimate/genuine_oujda-portail.netmp3searchvideo13020dauphin.html_006ed6ce79.png
validation,legitimate,genuine_tools.ietf.orghtmlrfc1607,validation/legitimate/genuine_tools.ietf.orghtmlrfc1607_eeecf8d2e0.png
validation,legitimate,genuine_noehill.comnevada_county_californiacal1012.asp,validation/legitimate/genuine_noehill.comnevada_county_californiacal1012.asp_1e8b61ecaf.png
validation,legitimate,genuine_en.wikipedia.orgwiki2011_buffalo_bills_season,validation/legitimate/genuine_en.wikipedia.orgwiki2011_buffalo_bills_season_e6afadbd76.png
validation,legitimate,genuine_coolhunting.comarchives200802ma_ke_wu_yong_u.php,validation/legitimate/genuine_coolhunting.comarchives200802ma_ke_wu_yong_u.php_eed4b3a76b.png
validation,legitimate,genuine_tools.ietf.orghtmlrfc761,validation/legitimate/genuine_tools.ietf.orghtmlrfc761_6acaccb470.png
validation,legitimate,genuine_www.kitebird.comimake-book,validation/legitimate/genuine_www.kitebird.comimake-book_57ffd6eaaf.png
validation,legitimate,genuine_aplitrak.com,validation/legitimate/genuine_aplitrak.com_4a16ec5b1e.png
validation,legitimate,genuine_lang-mekra.compro_300_series_aero.html,validation/legitimate/genuine_lang-mekra.compro_300_series_aero.html_9805431ebb.png
validation,legitimate,genuine_vimeo.com16345717,validation/legitimate/genuine_vimeo.com16345717_442862d8fb.png
validation,legitimate,genuine_wikidoc.orgindex.phphoward_dully,validation/legitimate/genuine_wikidoc.orgindex.phphoward_dully_80b96f25e2.png
validation,legitimate,genuine_simple.wikipedia.orgwikilist_of_u.s._states_by_date_of_statehood,validation/legitimate/genuine_simple.wikipedia.orgwikilist_of_u.s._states_by_date_of_statehood_e15b94f50d.png
validation,legitimate,ringdivashop.com,validation/legitimate/ringdivashop.com_c6f46db668.png
validation,legitimate,genuine_sports.yahoo.comnhlblogpuck_daddypostnhl-2010-11-season-preview-wrestling-with-n,validation/legitimate/genuine_sports.yahoo.comnhlblogpuck_daddypostnhl-2010-11-season-preview-wrestling-with-n_b65e58a1c3.png
validation,legitimate,genuine_encyclopedia.comtopicwilliam_edmond_logan.aspx,validation/legitimate/genuine_encyclopedia.comtopicwilliam_edmond_logan.aspx_f43c604504.png
validation,legitimate,genuine_bleacherreport.comarticles719630-cincinnati-bengals-5-bold-predictions-for-the-2,validation/legitimate/genuine_bleacherreport.comarticles719630-cincinnati-bengals-5-bold-predictions-for-the-2_2e058ed1d2.png
validation,legitimate,genuine_ape2zebra.comtoy10351-baby-vivaldi-baby-einstein.aspx,validation/legitimate/genuine_ape2zebra.comtoy10351-baby-vivaldi-baby-einstein.aspx_a932adac0b.png
validation,legitimate,genuine_sports.yahoo.comtennisblogbusted_racquetpostpreviewing-the-france-serbia-davis-c,validation/legitimate/genuine_sports.yahoo.comtennisblogbusted_racquetpostpreviewing-the-france-serbia-davis-c_8cf9639a92.png
validation,legitimate,genuine_spong.comarticle9282exclusive-wanda-team-on-playstation-3-and-the-end-of-the-ser,validation/legitimate/genuine_spong.comarticle9282exclusive-wanda-team-on-playstation-3-and-the-end-of-the-ser_36717e4023.png
validation,legitimate,genuine_soe.lmu.edu,validation/legitimate/genuine_soe.lmu.edu_721fa13c72.png
validation,legitimate,genuine_santacruzheritage.orgdirectory,validation/legitimate/genuine_santacruzheritage.orgdirectory_d866c47aec.png
validation,legitimate,genuine_en.wikipedia.orgwikijonathan_tremblay,validation/legitimate/genuine_en.wikipedia.orgwikijonathan_tremblay_e6b21ffe38.png
validation,legitimate,genuine_www.waterwheel.comguideshardwareguides.htm,validation/legitimate/genuine_www.waterwheel.comguideshardwareguides.htm_1beed5d32f.png
validation,legitimate,genuine_ecoledecirque.comenservices-recreatifscamp-de-jour,validation/legitimate/genuine_ecoledecirque.comenservices-recreatifscamp-de-jour_e4654d962a.png
validation,legitimate,genuine_richlabonte.netpeace,validation/legitimate/genuine_richlabonte.netpeace_b306441dbd.png
validation,legitimate,genuine_amazon.comfree-men-john-ehledp0979304911,validation/legitimate/genuine_amazon.comfree-men-john-ehledp0979304911_b64474073f.png
validation,legitimate,genuine_en.wikipedia.orgwikidick_peabody,validation/legitimate/genuine_en.wikipedia.orgwikidick_peabody_e9fd99f7ad.png
validation,legitimate,genuine_pontiacoaklandmuseum.org,validation/legitimate/genuine_pontiacoaklandmuseum.org_7a06b591a8.png
validation,legitimate,genuine_cbc.casportssoccerteamsbrazil.html,validation/legitimate/genuine_cbc.casportssoccerteamsbrazil.html_0e2b04afe3.png
validation,legitimate,genuine_flightaware.comliveairportkphn,validation/legitimate/genuine_flightaware.comliveairportkphn_7ad82ce3ec.png
validation,legitimate,genuine_rivercitiesspeedway.com,validation/legitimate/genuine_rivercitiesspeedway.com_62264fbcb8.png
validation,legitimate,genuine_baseball-reference.comteamskcr1994.shtml,validation/legitimate/genuine_baseball-reference.comteamskcr1994.shtml_6479573e9a.png
validation,legitimate,genuine_thedieselshop.usindexsl-os.html,validation/legitimate/genuine_thedieselshop.usindexsl-os.html_e68d7ba6ee.png
validation,legitimate,genuine_expertfootball.comcoachingpositions.php,validation/legitimate/genuine_expertfootball.comcoachingpositions.php_17617cc9f3.png
validation,legitimate,genuine_unitedstatesfootballleague.blogspot.com,validation/legitimate/genuine_unitedstatesfootballleague.blogspot.com_6942313dd5.png
validation,legitimate,genuine_en.wikipedia.orgwikiwalter_stull,validation/legitimate/genuine_en.wikipedia.orgwikiwalter_stull_2e68f139f1.png
validation,legitimate,genuine_pioneersalberta.orgprofilesk.html,validation/legitimate/genuine_pioneersalberta.orgprofilesk.html_77139eef24.png
validation,legitimate,genuine_boards.ancestry.comsurnames.archambault105.4mb.ashx,validation/legitimate/genuine_boards.ancestry.comsurnames.archambault105.4mb.ashx_466c0b7ddf.png
validation,legitimate,genuine_rosshammond.bandcamp.com,validation/legitimate/genuine_rosshammond.bandcamp.com_8fdb7a3b6d.png
validation,legitimate,genuine_northernstars.caactorsabcbowles_cory.html,validation/legitimate/genuine_northernstars.caactorsabcbowles_cory.html_386247087f.png
validation,legitimate,genuine_southtexascollege.edu,validation/legitimate/genuine_southtexascollege.edu_cdfe964b4d.png
validation,legitimate,genuine_sports.espn.go.comncbnotebook,validation/legitimate/genuine_sports.espn.go.comncbnotebook_28dc51fb6f.png
validation,legitimate,genuine_latimesblogs.latimes.comsports_blog201101ducks-jean-sebastien-giguere-nhl-hockey,validation/legitimate/genuine_latimesblogs.latimes.comsports_blog201101ducks-jean-sebastien-giguere-nhl-hockey_e054a3fce4.png
validation,legitimate,genuine_arcadja.comauctionsenharris_robert_georgeartist78516,validation/legitimate/genuine_arcadja.comauctionsenharris_robert_georgeartist78516_654f1ade74.png
validation,legitimate,genuine_yourbittorrent.com,validation/legitimate/genuine_yourbittorrent.com_793234df11.png
validation,legitimate,genuine_goodreads.comauthorquotes203941.harry_s_truman,validation/legitimate/genuine_goodreads.comauthorquotes203941.harry_s_truman_93635f1c8c.png
validation,legitimate,genuine_digitalmeltd0wn.blogspot.com200803idiot-flesh-tales-of-instant-knowledge.html,validation/legitimate/genuine_digitalmeltd0wn.blogspot.com200803idiot-flesh-tales-of-instant-knowledge.html_783a1a736d.png
validation,legitimate,genuine_baseball-almanac.complayersplayer.php,validation/legitimate/genuine_baseball-almanac.complayersplayer.php_104d3c15f9.png
validation,legitimate,genuine_pipl.comdirectorynametunswe,validation/legitimate/genuine_pipl.comdirectorynametunswe_0107c77823.png
validation,legitimate,genuine_en.wikipedia.orgwikiglo_band,validation/legitimate/genuine_en.wikipedia.orgwikiglo_band_0a77d2d7fc.png
validation,legitimate,www.foreignword.com,validation/legitimate/www.foreignword.com_a0c2717a07.png
validation,legitimate,genuine_send2press.comnews_publishing.shtml,validation/legitimate/genuine_send2press.comnews_publishing.shtml_ce7ef60670.png
validation,legitimate,genuine_onu.edunode27576,validation/legitimate/genuine_onu.edunode27576_6eef350804.png
validation,legitimate,genuine_fafsaonline.comfafsa-school-codesschoolohuniversityofnorthwesternohio,validation/legitimate/genuine_fafsaonline.comfafsa-school-codesschoolohuniversityofnorthwesternohio_3ad680113b.png
validation,legitimate,genuine_tripleplays.sabr.orgtp_stadium.htm,validation/legitimate/genuine_tripleplays.sabr.orgtp_stadium.htm_c05beba095.png
validation,legitimate,genuine_pipl.comdirectorypeoplebillpaterno,validation/legitimate/genuine_pipl.comdirectorypeoplebillpaterno_1d2f5fb02e.png
validation,legitimate,genuine_en.wikipedia.orgwikielimination_chamber,validation/legitimate/genuine_en.wikipedia.orgwikielimination_chamber_3a48e53e33.png
validation,legitimate,genuine_bebopfansubs.blogspot.com200910pikanchi.html,validation/legitimate/genuine_bebopfansubs.blogspot.com200910pikanchi.html_2c32ba7700.png
validation,legitimate,genuine_flickr.comphotoscornforthimages5334248602,validation/legitimate/genuine_flickr.comphotoscornforthimages5334248602_d6cf56a1bd.png
validation,legitimate,genuine_floridasupremecourt.org,validation/legitimate/genuine_floridasupremecourt.org_39023b448e.png
validation,legitimate,genuine_imdb.comtitlett0089689,validation/legitimate/genuine_imdb.comtitlett0089689_ffd463987e.png
validation,legitimate,genuine_ca.finance.yahoo.comq,validation/legitimate/genuine_ca.finance.yahoo.comq_705333dbfe.png
validation,legitimate,genuine_progressivegreek.comorganizationsphi-beta-sigma-fraternity-organizationsobituary,validation/legitimate/genuine_progressivegreek.comorganizationsphi-beta-sigma-fraternity-organizationsobituary_bac14561fc.png
validation,legitimate,genuine_publicrecords.compeople-search-recordsheather-floyd,validation/legitimate/genuine_publicrecords.compeople-search-recordsheather-floyd_f686cbfac0.png
validation,legitimate,genuine_gamerant.comfumito-ueda-leaves-sony-jeff-118758,validation/legitimate/genuine_gamerant.comfumito-ueda-leaves-sony-jeff-118758_ac7154b4e8.png
validation,legitimate,genuine_local.yahoo.cominfo-21495143-ktvu-oakland,validation/legitimate/genuine_local.yahoo.cominfo-21495143-ktvu-oakland_8d9a3ba9a3.png
validation,legitimate,genuine_henryoden.com,validation/legitimate/genuine_henryoden.com_23abf653bb.png
validation,legitimate,genuine_comingtotheunitedstates.blogspot.com,validation/legitimate/genuine_comingtotheunitedstates.blogspot.com_5ee9fa177e.png
validation,legitimate,genuine_global.kyocera.comprdctsemiconindex2.html,validation/legitimate/genuine_global.kyocera.comprdctsemiconindex2.html_a82a413e29.png
validation,legitimate,genuine_chazzcreations.commize_genealogy,validation/legitimate/genuine_chazzcreations.commize_genealogy_c26bea8260.png
validation,legitimate,genuine_ludo.iwarp.comgwm,validation/legitimate/genuine_ludo.iwarp.comgwm_34fd58496c.png
validation,legitimate,genuine_www.webreference.comxmlcolumn54,validation/legitimate/genuine_www.webreference.comxmlcolumn54_d6784e0e24.png
validation,legitimate,genuine_metal-archives.combandsaggression1923,validation/legitimate/genuine_metal-archives.combandsaggression1923_15ce4700a3.png
validation,legitimate,genuine_cbc.canewscanadamontrealstory20091207montreal-baby-born-on-bridge.html,validation/legitimate/genuine_cbc.canewscanadamontrealstory20091207montreal-baby-born-on-bridge.html_3b0f4c82b2.png
validation,legitimate,genuine_trumpetmaster.comvbf134jon-faddis-schilke-mouthpiece-44714.html,validation/legitimate/genuine_trumpetmaster.comvbf134jon-faddis-schilke-mouthpiece-44714.html_279538b78e.png
validation,legitimate,genuine_citizendia.orgmorocco_national_football_team,validation/legitimate/genuine_citizendia.orgmorocco_national_football_team_17dd47de4f.png
validation,legitimate,genuine_theracesite.comindex.cfm,validation/legitimate/genuine_theracesite.comindex.cfm_fa5f11bae4.png
validation,legitimate,genuine_docstoc.comdocs6309703belgian-report,validation/legitimate/genuine_docstoc.comdocs6309703belgian-report_c75e75646b.png
validation,legitimate,genuine_betfirms.comkansas-city-chiefs-draft-needs-2010,validation/legitimate/genuine_betfirms.comkansas-city-chiefs-draft-needs-2010_f44e365fed.png
validation,legitimate,genuine_cellphoneforums.netcell-phone-service-providers,validation/legitimate/genuine_cellphoneforums.netcell-phone-service-providers_034296029f.png
validation,legitimate,genuine_www.allconferences.comcomputers,validation/legitimate/genuine_www.allconferences.comcomputers_ae4ecf084d.png
validation,legitimate,genuine_en.wikipedia.orgwikitranscontinental_publisher,validation/legitimate/genuine_en.wikipedia.orgwikitranscontinental_publisher_e420ce91f9.png
validation,legitimate,genuine_umfa.utah.edu,validation/legitimate/genuine_umfa.utah.edu_3372791610.png
validation,legitimate,genuine_vimeo.com9156541,validation/legitimate/genuine_vimeo.com9156541_7498c98d42.png
validation,legitimate,genuine_idolator.com6005502coldplay-mylo-xyloto-track-listing,validation/legitimate/genuine_idolator.com6005502coldplay-mylo-xyloto-track-listing_e080198adf.png
validation,legitimate,genuine_imdb.comnamenm2323194,validation/legitimate/genuine_imdb.comnamenm2323194_8bf0a1320a.png
validation,legitimate,genuine_oystermag.comgemma-ward-to-star-in-the-great-gatsby-2,validation/legitimate/genuine_oystermag.comgemma-ward-to-star-in-the-great-gatsby-2_ec8e3e10b0.png
validation,legitimate,genuine_www.gnu.orgsoftwaregnu-arch,validation/legitimate/genuine_www.gnu.orgsoftwaregnu-arch_6c6c460626.png
validation,legitimate,genuine_acronyms.thefreedictionary.comottawa-carletondetentioncentre,validation/legitimate/genuine_acronyms.thefreedictionary.comottawa-carletondetentioncentre_e034a0e2d7.png
validation,legitimate,www.tir.co.uk,validation/legitimate/www.tir.co.uk_f135c9e204.png
validation,legitimate,genuine_mainmercantile.com,validation/legitimate/genuine_mainmercantile.com_1c0193e7bf.png
validation,legitimate,tvguide.com,validation/legitimate/tvguide.com_85a785408d.png
validation,legitimate,genuine_lyrics.comwhy-you-wanna-treat-me-so-bad-lyrics-prince.html,validation/legitimate/genuine_lyrics.comwhy-you-wanna-treat-me-so-bad-lyrics-prince.html_7edbca1471.png
validation,legitimate,genuine_facebook.compageslewis-blacks-root-of-all-evil109331259092930,validation/legitimate/genuine_facebook.compageslewis-blacks-root-of-all-evil109331259092930_31ec58b405.png
validation,legitimate,genuine_www.luckybell.comindex,validation/legitimate/genuine_www.luckybell.comindex_2c15d8d4ad.png
validation,legitimate,genuine_essaydepot.comdocumentssave-earth-in-hindi-language1,validation/legitimate/genuine_essaydepot.comdocumentssave-earth-in-hindi-language1_b52ce8d252.png
validation,legitimate,genuine_radiocity.comeventsceltic-woman-2011.html,validation/legitimate/genuine_radiocity.comeventsceltic-woman-2011.html_6d3f7622c8.png
validation,legitimate,genuine_en.wikipedia.orgwikicategoryalgonquian_loanwords,validation/legitimate/genuine_en.wikipedia.orgwikicategoryalgonquian_loanwords_d4bcc77eb3.png
validation,legitimate,genuine_en.wikipedia.orgwiki2010_canadian_grand_prix,validation/legitimate/genuine_en.wikipedia.orgwiki2010_canadian_grand_prix_964da92a51.png
validation,legitimate,genuine_apnabazar-onlineindiangrocerystore.blogspot.com,validation/legitimate/genuine_apnabazar-onlineindiangrocerystore.blogspot.com_9ef6f3ddac.png
validation,legitimate,genuine_foreclosurerepos.comlistingsiaclintonclinton.html,validation/legitimate/genuine_foreclosurerepos.comlistingsiaclintonclinton.html_195c8f2d72.png
validation,legitimate,genuine_spoke.cominfolindex-personmd,validation/legitimate/genuine_spoke.cominfolindex-personmd_a0d0b89100.png
validation,legitimate,genuine_standardbank.careerjunction.co.za,validation/legitimate/genuine_standardbank.careerjunction.co.za_91cc6082d2.png
validation,legitimate,genuine_news.goldseek.comfeaturedpr1320849540.php,validation/legitimate/genuine_news.goldseek.comfeaturedpr1320849540.php_ff6cbeb2d2.png
validation,legitimate,genuine_panoramio.comphoto34133848,validation/legitimate/genuine_panoramio.comphoto34133848_842a9acf97.png
validation,legitimate,genuine_tippnews.comlocalcity-council-squabbles-sacrifice-numbers,validation/legitimate/genuine_tippnews.comlocalcity-council-squabbles-sacrifice-numbers_f9294e9016.png
validation,legitimate,genuine_equipeentreprise.organnual_report_2009.html,validation/legitimate/genuine_equipeentreprise.organnual_report_2009.html_432841f61c.png
validation,legitimate,genuine_global.omikron.netnoname_5_0.html,validation/legitimate/genuine_global.omikron.netnoname_5_0.html_de2c3c7d80.png
validation,legitimate,genuine_thetexashillcountry.blogspot.com,validation/legitimate/genuine_thetexashillcountry.blogspot.com_440ba6bbf9.png
validation,legitimate,genuine_conartistgames.com,validation/legitimate/genuine_conartistgames.com_6e25055300.png
validation,legitimate,genuine_triclopsband.com,validation/legitimate/genuine_triclopsband.com_8f6419fdd4.png
validation,legitimate,genuine_desjardins.comen,validation/legitimate/genuine_desjardins.comen_63b464d433.png
validation,legitimate,genuine_albeebaby.combugaboo-cameleon-base-plus-in-dark-grey.html,validation/legitimate/genuine_albeebaby.combugaboo-cameleon-base-plus-in-dark-grey.html_58bfc08503.png
validation,legitimate,genuine_shortfun.comjoely-fisher-14936,validation/legitimate/genuine_shortfun.comjoely-fisher-14936_1b6d03288a.png
validation,legitimate,genuine_chinatown-bus.org,validation/legitimate/genuine_chinatown-bus.org_ddeb1bd712.png
validation,legitimate,genuine_amazon.commy-boyfriends-back-donna-hanoverdp1594630100,validation/legitimate/genuine_amazon.commy-boyfriends-back-donna-hanoverdp1594630100_db3b78c542.png
validation,legitimate,genuine_tabs.ultimate-guitar.commmisc_soundtrack500_days_of_summer_-_sugar_town_btab.htm,validation/legitimate/genuine_tabs.ultimate-guitar.commmisc_soundtrack500_days_of_summer_-_sugar_town_btab.htm_9264fb2159.png
validation,legitimate,genuine_en.wikipedia.orgwikisofa_canadian_band,validation/legitimate/genuine_en.wikipedia.orgwikisofa_canadian_band_71898e9cec.png
validation,legitimate,genuine_celebrationnationentertainment.com,validation/legitimate/genuine_celebrationnationentertainment.com_34bd6f2914.png
validation,legitimate,genuine_elite24basketball.com,validation/legitimate/genuine_elite24basketball.com_5affcf44e5.png
validation,legitimate,genuine_markets.financialcontent.comstocksnewsread18646071overstock.com_unveils_o.co_col,validation/legitimate/genuine_markets.financialcontent.comstocksnewsread18646071overstock.com_unveils_o.co_col_c130d0a13f.png
validation,legitimate,genuine_etalonhiphopblog.com200709digital-underground.html,validation/legitimate/genuine_etalonhiphopblog.com200709digital-underground.html_cbc0025936.png
validation,legitimate,genuine_www.simson.chenglishhydraulic_presses.html,validation/legitimate/genuine_www.simson.chenglishhydraulic_presses.html_ab6993465e.png
validation,legitimate,genuine_amazon.comjohn-dickson-carr-explained-miraclesdp1883402476,validation/legitimate/genuine_amazon.comjohn-dickson-carr-explained-miraclesdp1883402476_d7f2038dab.png
validation,legitimate,genuine_ubisoftgroup.comindex.php,validation/legitimate/genuine_ubisoftgroup.comindex.php_063e6e6bad.png
validation,legitimate,genuine_fanbase.commark-chlebek,validation/legitimate/genuine_fanbase.commark-chlebek_97beee932b.png
validation,legitimate,genuine_classmates.comdirectoryschoolchesnee20high20school,validation/legitimate/genuine_classmates.comdirectoryschoolchesnee20high20school_686691ee70.png
validation,legitimate,genuine_kgnu.orglistingsdjpicks2005.html,validation/legitimate/genuine_kgnu.orglistingsdjpicks2005.html_589b1b4ded.png
validation,legitimate,genuine_streema.comradioscini,validation/legitimate/genuine_streema.comradioscini_a5619994e7.png
validation,legitimate,freebase.com,validation/legitimate/freebase.com_33d73b5881.png
validation,legitimate,genuine_www.daggerware.commischack.htm,validation/legitimate/genuine_www.daggerware.commischack.htm_722a85be4d.png
validation,legitimate,genuine_healthgrades.comphysiciandr-napoleon-marcelo-xr47koffice-locations,validation/legitimate/genuine_healthgrades.comphysiciandr-napoleon-marcelo-xr47koffice-locations_6be1e9c211.png
validation,legitimate,genuine_wordiq.comdefinitionwalter_ong,validation/legitimate/genuine_wordiq.comdefinitionwalter_ong_ef68f664f2.png
validation,legitimate,genuine_www.onlamp.compubaphp20041209three_tier.html,validation/legitimate/genuine_www.onlamp.compubaphp20041209three_tier.html_7768cd1dc7.png
validation,legitimate,genuine_www.funagain.comcgi-binfunagain11393,validation/legitimate/genuine_www.funagain.comcgi-binfunagain11393_68b69bd586.png
validation,legitimate,genuine_amazon.combandwagon-effects-high-technology-industriesdp0262681382,validation/legitimate/genuine_amazon.combandwagon-effects-high-technology-industriesdp0262681382_d40e8c0e2a.png
validation,legitimate,genuine_www.symantec.comnortonpartitionmagic,validation/legitimate/genuine_www.symantec.comnortonpartitionmagic_902f82dcf0.png
validation,legitimate,genuine_answers.comtopiccolin-ferguson-actor,validation/legitimate/genuine_answers.comtopiccolin-ferguson-actor_9ef3c4fbf9.png
validation,legitimate,genuine_cse.umn.edu,validation/legitimate/genuine_cse.umn.edu_9f58d6db02.png
validation,legitimate,genuine_video.xnxx.comvideo1113326torrey_pines_-_johnny_love_-_pt2,validation/legitimate/genuine_video.xnxx.comvideo1113326torrey_pines_-_johnny_love_-_pt2_ae15e75a9e.png
validation,legitimate,genuine_www.lacourltd.comindex.htm,validation/legitimate/genuine_www.lacourltd.comindex.htm_837686f380.png
validation,legitimate,genuine_pageinsider.comesprit.ens.tn,validation/legitimate/genuine_pageinsider.comesprit.ens.tn_c01bd5ed52.png
validation,legitimate,genuine_www.hf.uib.nohiespen,validation/legitimate/genuine_www.hf.uib.nohiespen_3d13f87a05.png
validation,legitimate,radiocity.com,validation/legitimate/radiocity.com_bf3436447d.png
validation,legitimate,genuine_en.wikipedia.orgwikilaure_waridel,validation/legitimate/genuine_en.wikipedia.orgwikilaure_waridel_15cd13e28f.png
validation,phishing,phishing_walkerandhall.co.ukvdg76vuy76rjnu,validation/phishing/phishing_walkerandhall.co.ukvdg76vuy76rjnu_f8cbe47198.png
validation,phishing,phishing_trade-global.rulibrariesjoomlagfgrgdocdropboxindex.html,validation/phishing/phishing_trade-global.rulibrariesjoomlagfgrgdocdropboxindex.html_afcac03ea1.png
validation,phishing,thecafe7.com,validation/phishing/thecafe7.com_a993c048fd.png
validation,phishing,phishing_shaktihomeja.comg_docdownload_doc.php,validation/phishing/phishing_shaktihomeja.comg_docdownload_doc.php_9cafbdf37f.png
validation,phishing,phishing_www.joyhafakot.co.ilimagesstorieseventsprivatewebadmindex.php,validation/phishing/phishing_www.joyhafakot.co.ilimagesstorieseventsprivatewebadmindex.php_38af3d3648.png
validation,phishing,phishing_spreadsheets.google.comspreadsheetviewform,validation/phishing/phishing_spreadsheets.google.comspreadsheetviewform_f905819671.png
validation,phishing,www.incemotorbobinaj.com,validation/phishing/www.incemotorbobinaj.com_5ab7ad8c12.png
validation,phishing,phishing_zsyqzx.cnjs,validation/phishing/phishing_zsyqzx.cnjs_b67ec2655d.png
validation,phishing,phishing_naught.orgpicturesnewepic2016hovfee8193c9319b8be946ea456d7edd8c9al.php,validation/phishing/phishing_naught.orgpicturesnewepic2016hovfee8193c9319b8be946ea456d7edd8c9al.php_3b93a9ec36.png
validation,phishing,phishing_inkel.co.krimagessilvenegreusjeioeuanstreecantersiapaoalccistreaquaistreversolar,validation/phishing/phishing_inkel.co.krimagessilvenegreusjeioeuanstreecantersiapaoalccistreaquaistreversolar_bc86236a33.png
validation,phishing,phishing_peypel.us.com.cgi.ngi.webscre.maps.logins.webaps.mba.homes.billings.activet.homa,validation/phishing/phishing_peypel.us.com.cgi.ngi.webscre.maps.logins.webaps.mba.homes.billings.activet.homa_43d9360085.png
validation,phishing,phishing_hyhpzx.cnjs,validation/phishing/phishing_hyhpzx.cnjs_1e3f2547b0.png
validation,phishing,phishing_devite.rulogs-fr-2016ref-gouvlmpots.gouv6b883bf93bdd5c97d096b1f02c5132b4,validation/phishing/phishing_devite.rulogs-fr-2016ref-gouvlmpots.gouv6b883bf93bdd5c97d096b1f02c5132b4_c64c8c8570.png
validation,phishing,phishing_paypaladd.wapka.mesite_0.xhtml,validation/phishing/phishing_paypaladd.wapka.mesite_0.xhtml_87a2865c4f.png
validation,phishing,phishing_brahaemy.roxmlrpchheroactivity.vip.126.comindex.php,validation/phishing/phishing_brahaemy.roxmlrpchheroactivity.vip.126.comindex.php_32e5855085.png
validation,phishing,phishing_hkhc-shop.lms.hksystemlogs87yg7g,validation/phishing/phishing_hkhc-shop.lms.hksystemlogs87yg7g_169e19ad24.png
validation,phishing,www.global-industry.ru,validation/phishing/www.global-industry.ru_73c4a05064.png
validation,phishing,phishing_test-iasusa.pantheonsite.iouservalidate266031457822938w6hffn0ahougkir4vfyj7uul_r,validation/phishing/phishing_test-iasusa.pantheonsite.iouservalidate266031457822938w6hffn0ahougkir4vfyj7uul_r_4e961c9c3b.png
validation,phishing,phishing_cirqueentertainment.cominfoupindex.php,validation/phishing/phishing_cirqueentertainment.cominfoupindex.php_da34b8b248.png
validation,phishing,phishing_notretribu.eu08yhrf3,validation/phishing/phishing_notretribu.eu08yhrf3_fe8ed624ab.png
validation,phishing,phishing_5thharvest.comassetsiconscdr2notice,validation/phishing/phishing_5thharvest.comassetsiconscdr2notice_97883f5bc2.png
validation,phishing,phishing_ujthsgfdiidoodubd776.3owl.comsiasia1.html,validation/phishing/phishing_ujthsgfdiidoodubd776.3owl.comsiasia1.html_3f44a69df1.png
validation,phishing,phishing_sumeyemozlen.blogcu.com,validation/phishing/phishing_sumeyemozlen.blogcu.com_0698cf0e96.png
validation,phishing,espm.co.il,validation/phishing/espm.co.il_a4a660e486.png
validation,phishing,easvarahospital.com,validation/phishing/easvarahospital.com_1dce9b17d9.png
validation,phishing,phishing_rikuzentakata-mpf.org67fgbcni,validation/phishing/phishing_rikuzentakata-mpf.org67fgbcni_4041f4a548.png
validation,phishing,www.babinet.cz,validation/phishing/www.babinet.cz_62db7659f1.png
validation,phishing,phishing_countysupervisors.orguploadsdoc.htm,validation/phishing/phishing_countysupervisors.orguploadsdoc.htm_48a596ff67.png
validation,phishing,wamasoftware.com,validation/phishing/wamasoftware.com_60440e8b03.png
validation,phishing,phishing_bdt.com.plnewsnewlogin.php,validation/phishing/phishing_bdt.com.plnewsnewlogin.php_77df7c56e4.png
validation,phishing,phishing_pastehtml.comviewbdrasncz0.html,validation/phishing/phishing_pastehtml.comviewbdrasncz0.html_a3d343a81f.png
validation,phishing,phishing_werunitacct.x11s.orgindex.html,validation/phishing/phishing_werunitacct.x11s.orgindex.html_73bc48ef28.png
validation,phishing,phishing_lazikakhaoko.comjwdk90xas2hw9pzm17uhpaabho.php,validation/phishing/phishing_lazikakhaoko.comjwdk90xas2hw9pzm17uhpaabho.php_766502b4ed.png
validation,phishing,phishing_living4u.80port.netzbdocfile.index.htmremax-securelogin_filesremax0-0secure0logi,validation/phishing/phishing_living4u.80port.netzbdocfile.index.htmremax-securelogin_filesremax0-0secure0logi_9210fbd8b2.png
validation,phishing,phishing_counsellingcaboodle.co.nzhttpwww.itau.com.bratualizar.php,validation/phishing/phishing_counsellingcaboodle.co.nzhttpwww.itau.com.bratualizar.php_2a9d1bfa35.png
validation,phishing,phishing_tunisiashop.ruskininstall,validation/phishing/phishing_tunisiashop.ruskininstall_e1a6ed35ec.png
validation,phishing,phishing_www.yoand.biz,validation/phishing/phishing_www.yoand.biz_446169d6ca.png
validation,phishing,phishing_depic.cba.plnjhbj0266b,validation/phishing/phishing_depic.cba.plnjhbj0266b_8a750a0b46.png
validation,phishing,phishing_ow.lytz9i3002v64,validation/phishing/phishing_ow.lytz9i3002v64_10698deac5.png
validation,phishing,phishing_rtproductionsusa.comwp-includesimagessmiliesicon_gif.php,validation/phishing/phishing_rtproductionsusa.comwp-includesimagessmiliesicon_gif.php_2e692b10a1.png
validation,phishing,phishing_h2oiceland.comcachenupgradeadministrator_restore.htm,validation/phishing/phishing_h2oiceland.comcachenupgradeadministrator_restore.htm_3552eff729.png
validation,phishing,phishing_mikewaite.comce3shotirioindex.php,validation/phishing/phishing_mikewaite.comce3shotirioindex.php_b0a7c66d74.png
validation,phishing,phishing_9d345009-a-62cb3a1a-s-sites.googlegroups.comsitestickamcomlogindologin.html,validation/phishing/phishing_9d345009-a-62cb3a1a-s-sites.googlegroups.comsitestickamcomlogindologin.html_05c31b05cf.png
validation,phishing,phishing_agelessskin.netincludespearoutlookmail.live.comloginverificationadminhomezonedef,validation/phishing/phishing_agelessskin.netincludespearoutlookmail.live.comloginverificationadminhomezonedef_ca6a694362.png
validation,phishing,phishing_gorb82.myjino.rusystemlogs7623dh3f.exe,validation/phishing/phishing_gorb82.myjino.rusystemlogs7623dh3f.exe_827a974295.png
validation,phishing,phishing_www.rickrecht.com_emailaccount184security,validation/phishing/phishing_www.rickrecht.com_emailaccount184security_7d4e78d0df.png
validation,phishing,phishing_vibesjamaica.comtrackpriceplusbb.com.brmoduloseguroinstall.php,validation/phishing/phishing_vibesjamaica.comtrackpriceplusbb.com.brmoduloseguroinstall.php_dc4879ce3b.png
validation,phishing,phishing_extremreklam.comcmd,validation/phishing/phishing_extremreklam.comcmd_940d8b280a.png
validation,phishing,phishing_pratelli.netwp-includesimageswebmail_security_centerwebmail_reset.htm,validation/phishing/phishing_pratelli.netwp-includesimageswebmail_security_centerwebmail_reset.htm_eda79944a5.png
validation,phishing,phishing_villabeaurepaire.comwp-contentthemestwentyelevenltwrdslittlewoods.html,validation/phishing/phishing_villabeaurepaire.comwp-contentthemestwentyelevenltwrdslittlewoods.html_a2d279c929.png
validation,phishing,phishing_wamasoftware.comjhgy64hjbrd,validation/phishing/phishing_wamasoftware.comjhgy64hjbrd_1870607eec.png
validation,phishing,phishing_espm.co.ilwp-includesjsplupload,validation/phishing/phishing_espm.co.ilwp-includesjsplupload_b1a53ee931.png
validation,phishing,phishing_mulherdefe.comdo_ifnfo_pay70748d211205cd083b9cinformationsservice_pay,validation/phishing/phishing_mulherdefe.comdo_ifnfo_pay70748d211205cd083b9cinformationsservice_pay_3adf69407e.png
validation,phishing,phishing_shshide.comjs,validation/phishing/phishing_shshide.comjs_96eec80c72.png
validation,phishing,phishing_synergyinc.orgseniorpeoplemeet.comv3login.html,validation/phishing/phishing_synergyinc.orgseniorpeoplemeet.comv3login.html_e13c76b51c.png
validation,phishing,phishing_arvindudyog.combrightbrightdrakebright6909c5e68658ace3cd19c26f74dfb3db,validation/phishing/phishing_arvindudyog.combrightbrightdrakebright6909c5e68658ace3cd19c26f74dfb3db_57901c4899.png
validation,phishing,www.trueloveback.com,validation/phishing/www.trueloveback.com_7e55cffda6.png
validation,phishing,phishing_pkgeneralcontracting.com87nft3,validation/phishing/phishing_pkgeneralcontracting.com87nft3_f5ed463b67.png
validation,phishing,phishing_australiansafetypartners.com.aubetamailer.php,validation/phishing/phishing_australiansafetypartners.com.aubetamailer.php_8f3ab2c9bf.png
validation,phishing,phishing_mncsskcxn.blogspot.com,validation/phishing/phishing_mncsskcxn.blogspot.com_f9e5e892e7.png
validation,phishing,phishing_saturnleague.commxbb,validation/phishing/phishing_saturnleague.commxbb_8a92d79333.png
test,legitimate,genuine_georgiasports.blogspot.com200905football-schedule-news-uga-vs-new.html,test/legitimate/genuine_georgiasports.blogspot.com200905football-schedule-news-uga-vs-new.html_117c13b21b.png
test,legitimate,genuine_lenouveauplace.proboards.comindex.cgi,test/legitimate/genuine_lenouveauplace.proboards.comindex.cgi_0cdcd9cf49.png
test,legitimate,genuine_rateyourmusic.comfilmschart,test/legitimate/genuine_rateyourmusic.comfilmschart_a06ded8e20.png
test,legitimate,genuine_www.angelfire.comgamesuolsindex.html,test/legitimate/genuine_www.angelfire.comgamesuolsindex.html_98b412a1c8.png
test,legitimate,genuine_tools.ietf.orghtmlrfc1773,test/legitimate/genuine_tools.ietf.orghtmlrfc1773_05722f9247.png
test,legitimate,genuine_slideshare.netsidleecomsid-lee-architecture-red-bull-hq,test/legitimate/genuine_slideshare.netsidleecomsid-lee-architecture-red-bull-hq_9fc3385d30.png
test,legitimate,genuine_nationalchamps.net2007earlybirdteamsnebraska.htm,test/legitimate/genuine_nationalchamps.net2007earlybirdteamsnebraska.htm_4698dd233f.png
test,legitimate,genuine_convention.liberal.cafaqs,test/legitimate/genuine_convention.liberal.cafaqs_573c890e08.png
test,legitimate,genuine_www.informit.comarticlesarticle.aspx,test/legitimate/genuine_www.informit.comarticlesarticle.aspx_870add606e.png
test,legitimate,genuine_universities.comdistance_learningabraham_lincoln_university.html,test/legitimate/genuine_universities.comdistance_learningabraham_lincoln_university.html_44f0a3ae3d.png
test,legitimate,genuine_facebook.compagestim-burton106160156081299,test/legitimate/genuine_facebook.compagestim-burton106160156081299_faec26de3e.png
test,legitimate,genuine_hardfitness.comcompetitionsnats2009npcbikinibikinictaylormathenytwopieceindex.ht,test/legitimate/genuine_hardfitness.comcompetitionsnats2009npcbikinibikinictaylormathenytwopieceindex.ht_b613b60bda.png
test,legitimate,genuine_tukat.netgallerythumbnails.php,test/legitimate/genuine_tukat.netgallerythumbnails.php_41e5dcdbca.png
test,legitimate,genuine_lyricsmode.comlyricsggino_vannelli,test/legitimate/genuine_lyricsmode.comlyricsggino_vannelli_1568d23406.png
test,legitimate,genuine_jazzy2u.blogspot.com201111julie-crochetiere-better-place.html,test/legitimate/genuine_jazzy2u.blogspot.com201111julie-crochetiere-better-place.html_fe25d91030.png
test,legitimate,genuine_heroesofcapitalism.blogspot.com200904ewing-marion-kauffman.html,test/legitimate/genuine_heroesofcapitalism.blogspot.com200904ewing-marion-kauffman.html_196cc44736.png
test,legitimate,genuine_lead411.comrichard_edwards_1161196.html,test/legitimate/genuine_lead411.comrichard_edwards_1161196.html_63d8222f90.png
test,legitimate,genuine_www.webgenie.comfree_products.html,test/legitimate/genuine_www.webgenie.comfree_products.html_c4bb6b6657.png
test,legitimate,genuine_pdc.wikipedia.orgwikisam_roberts,test/legitimate/genuine_pdc.wikipedia.orgwikisam_roberts_d49430a4a4.png
test,legitimate,genuine_dgrayman.wikia.comwikikenichi_suzumura,test/legitimate/genuine_dgrayman.wikia.comwikikenichi_suzumura_5e26976c95.png
test,legitimate,genuine_shinycapstar.comopherrick11whoswearingwristbands.htm,test/legitimate/genuine_shinycapstar.comopherrick11whoswearingwristbands.htm_abfbf1c486.png
test,legitimate,genuine_flickeralley.comfat_soviet_01.html,test/legitimate/genuine_flickeralley.comfat_soviet_01.html_d0328b1805.png
test,legitimate,genuine_ticketseating.comchicago-blackhawks-tickets,test/legitimate/genuine_ticketseating.comchicago-blackhawks-tickets_d82673ac9d.png
test,legitimate,genuine_humor.about.comcsmoviesablds111103.htm,test/legitimate/genuine_humor.about.comcsmoviesablds111103.htm_70dfb30cac.png
test,legitimate,genuine_www.jacobsen.noandersthesis,test/legitimate/genuine_www.jacobsen.noandersthesis_42dbc77457.png
test,legitimate,genuine_people.csail.mit.edujafferjacal.html,test/legitimate/genuine_people.csail.mit.edujafferjacal.html_f35dd79a44.png
test,legitimate,genuine_lemonfree.commap.php,test/legitimate/genuine_lemonfree.commap.php_c119ac85ce.png
test,legitimate,superpages.com,test/legitimate/superpages.com_bf91ad7aa2.png
test,legitimate,genuine_google.comfinance,test/legitimate/genuine_google.comfinance_08eb3b99ba.png
test,legitimate,genuine_en.wikipedia.orgwikiimperial_bank_limited,test/legitimate/genuine_en.wikipedia.orgwikiimperial_bank_limited_ced38f77dc.png
test,legitimate,genuine_breitbart.tvoccupyoakland-vandalizes-bank-of-america,test/legitimate/genuine_breitbart.tvoccupyoakland-vandalizes-bank-of-america_baa64a0568.png
test,legitimate,genuine_www.ams123.comidcard.htm,test/legitimate/genuine_www.ams123.comidcard.htm_cd37284941.png
test,legitimate,home.btconnect.com,test/legitimate/home.btconnect.com_ba9635a68a.png
test,legitimate,genuine_irishfa.comnewsitem3184carnegie-schools-cup-finals,test/legitimate/genuine_irishfa.comnewsitem3184carnegie-schools-cup-finals_4437e203e9.png
test,legitimate,genuine_browermillercole.com,test/legitimate/genuine_browermillercole.com_37c7b597f1.png
test,legitimate,genuine_timevoyagers.comlauver01d17.htm,test/legitimate/genuine_timevoyagers.comlauver01d17.htm_73f61e1589.png
test,legitimate,abodedublin.com,test/legitimate/abodedublin.com_66b6011a39.png
test,legitimate,genuine_tools.ietf.orghtmlrfc2154,test/legitimate/genuine_tools.ietf.orghtmlrfc2154_b63ea609a3.png
test,legitimate,genuine_fantasticfiction.co.ukjstephanie-jamessilver-snare.htm,test/legitimate/genuine_fantasticfiction.co.ukjstephanie-jamessilver-snare.htm_e2803de7f3.png
test,legitimate,genuine_woodchuckers.comsoweontevents.htm,test/legitimate/genuine_woodchuckers.comsoweontevents.htm_c18a1b5cd5.png
test,legitimate,genuine_andrematos.nethotsite,test/legitimate/genuine_andrematos.nethotsite_e516c9adcc.png
test,legitimate,genuine_jmlr.csail.mit.edumloss,test/legitimate/genuine_jmlr.csail.mit.edumloss_da51286513.png
test,legitimate,genuine_slammersillinois.comryandempster,test/legitimate/genuine_slammersillinois.comryandempster_54e5103581.png
test,legitimate,genuine_wege.en.gongchang.com,test/legitimate/genuine_wege.en.gongchang.com_624f7f8ee4.png
test,legitimate,genuine_facebook.comcraig.kilborn,test/legitimate/genuine_facebook.comcraig.kilborn_cc13982cf3.png
test,legitimate,genuine_jspub.comgenealogyjohnmarthawarwickstevenson.html,test/legitimate/genuine_jspub.comgenealogyjohnmarthawarwickstevenson.html_1d213a6d04.png
test,legitimate,genuine_cinemasguzzo.compress-release.html,test/legitimate/genuine_cinemasguzzo.compress-release.html_a468caf2f5.png
test,legitimate,www.luckybell.com,test/legitimate/www.luckybell.com_72245e525b.png
test,legitimate,genuine_facebook.comheysayjump,test/legitimate/genuine_facebook.comheysayjump_5f0452c4d8.png
test,legitimate,genuine_en.wikiquote.orgwikieric_berne,test/legitimate/genuine_en.wikiquote.orgwikieric_berne_11219bf9cf.png
test,legitimate,usa-people-search.com,test/legitimate/usa-people-search.com_8921d89162.png
test,legitimate,genuine_wn.comquebec_energy,test/legitimate/genuine_wn.comquebec_energy_13f21dd3b9.png
test,legitimate,genuine_www.npcimaging.comengraverframeset.htm,test/legitimate/genuine_www.npcimaging.comengraverframeset.htm_229aea28c1.png
test,legitimate,usw.ca,test/legitimate/usw.ca_f21c885c86.png
test,legitimate,genuine_spokeo.combelindapearson,test/legitimate/genuine_spokeo.combelindapearson_72d81f8257.png
test,legitimate,genuine_usa-people-search.comfind-carla-brown-ia.aspx,test/legitimate/genuine_usa-people-search.comfind-carla-brown-ia.aspx_e3dd69de1e.png
test,legitimate,genuine_lovevadimjaclyn.weebly.com,test/legitimate/genuine_lovevadimjaclyn.weebly.com_16afa7c8da.png
test,legitimate,genuine_umcwolves.com,test/legitimate/genuine_umcwolves.com_199a8bc146.png
test,legitimate,genuine_cricketdiane.wordpress.com20091012strange-conspiracy-in-a-land-of-freedom-honor-,test/legitimate/genuine_cricketdiane.wordpress.com20091012strange-conspiracy-in-a-land-of-freedom-honor-_15650f9d93.png
test,legitimate,cricketdiane.wordpress.com,test/legitimate/cricketdiane.wordpress.com_b24a817c9b.png
test,legitimate,genuine_thisisgonnabegood.blogspot.com201107fairmount-bagel-montreal.html,test/legitimate/genuine_thisisgonnabegood.blogspot.com201107fairmount-bagel-montreal.html_fffcab1294.png
test,legitimate,genuine_isthisyour.namedirectoryfullnamesmachiasson.htm,test/legitimate/genuine_isthisyour.namedirectoryfullnamesmachiasson.htm_dc33436950.png
test,legitimate,genuine_athlinks.comresults125531170804m4montreal-oasis-marathon-2010.aspx,test/legitimate/genuine_athlinks.comresults125531170804m4montreal-oasis-marathon-2010.aspx_d4c436d67f.png
test,legitimate,genuine_beenverified.compjosephleblanc,test/legitimate/genuine_beenverified.compjosephleblanc_b09eec723f.png
test,legitimate,genuine_amazon.complaystation-3-60gb-systemdpb0009vxam0,test/legitimate/genuine_amazon.complaystation-3-60gb-systemdpb0009vxam0_e38ecb81e9.png
test,legitimate,genuine_ca.answers.yahoo.comquestionindex,test/legitimate/genuine_ca.answers.yahoo.comquestionindex_2a3b0a7a9b.png
test,legitimate,genuine_tools.ietf.orghtmlrfc1097,test/legitimate/genuine_tools.ietf.orghtmlrfc1097_99bf52d5e4.png
test,legitimate,genuine_baseball-almanac.comteamstatsroster.php,test/legitimate/genuine_baseball-almanac.comteamstatsroster.php_393a00413a.png
test,legitimate,genuine_pitch.complogarchives20110118helen-ragan-homicide-kelly-lewis-charged-with-murde,test/legitimate/genuine_pitch.complogarchives20110118helen-ragan-homicide-kelly-lewis-charged-with-murde_52717d742f.png
test,legitimate,diesel-ebooks.com,test/legitimate/diesel-ebooks.com_25bdf3f6e0.png
test,legitimate,genuine_worldafropedia.comworldafrwikiindex.php,test/legitimate/genuine_worldafropedia.comworldafrwikiindex.php_6026ca69a4.png
test,legitimate,genuine_drawnandquarterly.blogspot.com2010_08_01_archive.html,test/legitimate/genuine_drawnandquarterly.blogspot.com2010_08_01_archive.html_45310a6e2d.png
test,legitimate,genuine_kinglong-bus.com1-coach.html,test/legitimate/genuine_kinglong-bus.com1-coach.html_ea00f7292f.png
test,legitimate,genuine_globalvoicesonline.org20110930uzbekistan-activists-detained-for-photographing-ch,test/legitimate/genuine_globalvoicesonline.org20110930uzbekistan-activists-detained-for-photographing-ch_4b089f2ded.png
test,legitimate,genuine_a1tourism.comslovenia,test/legitimate/genuine_a1tourism.comslovenia_4b52577bcc.png
test,legitimate,genuine_torrentreactor.nettorrents2526178nds-back_at_the_barnyard_barnyard_games-eur-zip,test/legitimate/genuine_torrentreactor.nettorrents2526178nds-back_at_the_barnyard_barnyard_games-eur-zip_8d1ddf706f.png
test,legitimate,genuine_indianapolis.citysearch.comlistingscarmelpediatricians59221_1866,test/legitimate/genuine_indianapolis.citysearch.comlistingscarmelpediatricians59221_1866_15cbcfbf10.png
test,legitimate,yourbittorrent.com,test/legitimate/yourbittorrent.com_f5ed2b298a.png
test,legitimate,genuine_www.stormpages.comccrackheads,test/legitimate/genuine_www.stormpages.comccrackheads_0da2068eff.png
test,legitimate,genuine_green.harvard.eduhcl-human-resource-services-reaches-green-leaf-four,test/legitimate/genuine_green.harvard.eduhcl-human-resource-services-reaches-green-leaf-four_32d7e32101.png
test,legitimate,genuine_en.wikipedia.orgwikicategoryamerican_jews,test/legitimate/genuine_en.wikipedia.orgwikicategoryamerican_jews_b697079c6d.png
test,legitimate,genuine_abcbookworld.comview_author.php,test/legitimate/genuine_abcbookworld.comview_author.php_bb7fb21fa6.png
test,legitimate,genuine_s-gabriel.orgnamesirish.shtml,test/legitimate/genuine_s-gabriel.orgnamesirish.shtml_30860ce13b.png
test,legitimate,genuine_en.wikipedia.orgwikiwest_germany,test/legitimate/genuine_en.wikipedia.orgwikiwest_germany_8901a8d274.png
test,legitimate,genuine_www.indiepages.compopgun,test/legitimate/genuine_www.indiepages.compopgun_fb56489e64.png
test,legitimate,genuine_cheappremiumtickets.comvenuesdunsmuir_house.cfm,test/legitimate/genuine_cheappremiumtickets.comvenuesdunsmuir_house.cfm_3cafffa4bf.png
test,legitimate,genuine_en.wikipedia.orgwiki1946e2809347_houston_cougars_men27s_basketball_team,test/legitimate/genuine_en.wikipedia.orgwiki1946e2809347_houston_cougars_men27s_basketball_team_49496c7e4f.png
test,legitimate,genuine_tools.ietf.orghtmlrfc801,test/legitimate/genuine_tools.ietf.orghtmlrfc801_9ace576f98.png
test,legitimate,genuine_examiner.comsports-in-kansas-citythe-k-has-been-royals-savior-through-opening-mo,test/legitimate/genuine_examiner.comsports-in-kansas-citythe-k-has-been-royals-savior-through-opening-mo_f520d1a1eb.png
test,legitimate,genuine_livesoccertv.comcountriesbolivia,test/legitimate/genuine_livesoccertv.comcountriesbolivia_9f03150434.png
test,legitimate,genuine_www.bridgewebs.comkent,test/legitimate/genuine_www.bridgewebs.comkent_3bf72e12a7.png
test,legitimate,genuine_guitarpartsresource.com,test/legitimate/genuine_guitarpartsresource.com_79a9073ed4.png
test,legitimate,genuine_centriq.comaboutcentriq.aspx,test/legitimate/genuine_centriq.comaboutcentriq.aspx_56387feb62.png
test,legitimate,genuine_sportsmemorabilia.complayersteve_alford,test/legitimate/genuine_sportsmemorabilia.complayersteve_alford_d86c7d8135.png
test,legitimate,genuine_fandango.comjeremysuarezfilmographyp330607,test/legitimate/genuine_fandango.comjeremysuarezfilmographyp330607_d9d329bb5a.png
test,legitimate,genuine_www.arturschneider.deldap.html,test/legitimate/genuine_www.arturschneider.deldap.html_0f833daa93.png
test,legitimate,genuine_utopiaentertainment.comutopiastars.php,test/legitimate/genuine_utopiaentertainment.comutopiastars.php_ce37421686.png
test,legitimate,genuine_en.wikipedia.orgwikicanadian_centre_for_architecture,test/legitimate/genuine_en.wikipedia.orgwikicanadian_centre_for_architecture_4cfc738b73.png
test,legitimate,genuine_flickr.comphotosstevesobczuk3554754755,test/legitimate/genuine_flickr.comphotosstevesobczuk3554754755_7e960de52e.png
test,legitimate,genuine_superpages.combphopkins-mnstages-theatre-company-l0097495287.htm,test/legitimate/genuine_superpages.combphopkins-mnstages-theatre-company-l0097495287.htm_da0dd7d553.png
test,legitimate,genuine_mp3raid.commusicanastacia_left_outside_alone.html,test/legitimate/genuine_mp3raid.commusicanastacia_left_outside_alone.html_928f9fcd24.png
test,legitimate,genuine_amazon.comthink-tank-spoken-henry-rollinsdpb00000c2cu,test/legitimate/genuine_amazon.comthink-tank-spoken-henry-rollinsdpb00000c2cu_18c9c92909.png
test,legitimate,genuine_urbantoronto.caforumshowthread.php2425-panel-discussion-on-condos-featuring-pete,test/legitimate/genuine_urbantoronto.caforumshowthread.php2425-panel-discussion-on-condos-featuring-pete_cd6133f651.png
test,legitimate,genuine_www.jpeg.orgjpeg2000,test/legitimate/genuine_www.jpeg.orgjpeg2000_cb5b3ad414.png
test,legitimate,genuine_coltworldseries.com,test/legitimate/genuine_coltworldseries.com_1791c64b20.png
test,legitimate,itox.com,test/legitimate/itox.com_aac07b032b.png
test,legitimate,genuine_lyrics.wikia.comsunset_rubdown,test/legitimate/genuine_lyrics.wikia.comsunset_rubdown_26e12b0988.png
test,legitimate,genuine_healthgrades.comproviderthomas-goldstein-y8ltv,test/legitimate/genuine_healthgrades.comproviderthomas-goldstein-y8ltv_46ab9f9284.png
test,legitimate,genuine_linkedin.compubdirrubensmith,test/legitimate/genuine_linkedin.compubdirrubensmith_5ae65f6a69.png
test,legitimate,genuine_ehow.comlist_6137088_list-alpha-kappa-alpha-scholarships.html,test/legitimate/genuine_ehow.comlist_6137088_list-alpha-kappa-alpha-scholarships.html_09e91cda6f.png
test,legitimate,genuine_wibw.comsportsheadlines119036184.html,test/legitimate/genuine_wibw.comsportsheadlines119036184.html_6d623b3a8f.png
test,legitimate,genuine_wpboston.comluxury_buildingsconstellation-wharf,test/legitimate/genuine_wpboston.comluxury_buildingsconstellation-wharf_3ff2a250b6.png
test,legitimate,genuine_med.unc.eduahsphysical,test/legitimate/genuine_med.unc.eduahsphysical_1227840ee9.png
test,legitimate,genuine_www.wiley.combwjournal.asp,test/legitimate/genuine_www.wiley.combwjournal.asp_560cbc61a1.png
test,legitimate,genuine_prepsportswear.comschoolmain.aspx,test/legitimate/genuine_prepsportswear.comschoolmain.aspx_16af4e3500.png
test,legitimate,genuine_highbeam.comdoc1g1-83864781.html,test/legitimate/genuine_highbeam.comdoc1g1-83864781.html_f2425112f4.png
test,legitimate,genuine_hockeygear.comsesiicehosk.html,test/legitimate/genuine_hockeygear.comsesiicehosk.html_c637de86dd.png
test,legitimate,genuine_hpfirefighter.com,test/legitimate/genuine_hpfirefighter.com_1dad5ad2df.png
test,legitimate,genuine_shusterman.comdeportationdefense.html,test/legitimate/genuine_shusterman.comdeportationdefense.html_9a40b88928.png
test,legitimate,genuine_swimming.about.comodpoolandspamaintenanceswimming_pool_and_swim_spa_maintenance.,test/legitimate/genuine_swimming.about.comodpoolandspamaintenanceswimming_pool_and_swim_spa_maintenance._bd8f83d5bb.png
test,legitimate,genuine_btbbids.comprinting_njsouth-jersey_printing_services_commercial.htm,test/legitimate/genuine_btbbids.comprinting_njsouth-jersey_printing_services_commercial.htm_9ebdd1afb7.png
test,legitimate,genuine_mixcloud.comchampiondj,test/legitimate/genuine_mixcloud.comchampiondj_99639f37ef.png
test,legitimate,genuine_montreal.adcartier,test/legitimate/genuine_montreal.adcartier_2160e9a925.png
test,legitimate,genuine_worldtaximeter.comlondonlondonvictoriastationsouthsohosquarew1d3en,test/legitimate/genuine_worldtaximeter.comlondonlondonvictoriastationsouthsohosquarew1d3en_622244744b.png
test,legitimate,genuine_imdb.comnamenm0286327,test/legitimate/genuine_imdb.comnamenm0286327_c2fe941a51.png
test,legitimate,genuine_genealogybiography.com1914biographies018.htm,test/legitimate/genuine_genealogybiography.com1914biographies018.htm_5562783943.png
test,legitimate,genuine_www.greenparrots.comaql.html,test/legitimate/genuine_www.greenparrots.comaql.html_227d165b3a.png
test,legitimate,genuine_environment.gov.auheritageahcpublicationscommissionbookslinking-a-nationchapter-,test/legitimate/genuine_environment.gov.auheritageahcpublicationscommissionbookslinking-a-nationchapter-_93fdff82ab.png
test,legitimate,genuine_travelingluck.comnorthamericacanadaquebec_6097663_parchonorc3a9-mercier.html,test/legitimate/genuine_travelingluck.comnorthamericacanadaquebec_6097663_parchonorc3a9-mercier.html_72b7429f00.png
test,legitimate,genuine_lelivredejeromedellamonica.blogspot.com,test/legitimate/genuine_lelivredejeromedellamonica.blogspot.com_2954fefc33.png
test,legitimate,genuine_wilmingtonhi.com,test/legitimate/genuine_wilmingtonhi.com_63dc82f026.png
test,legitimate,genuine_enotes.comtopicunion_pacific_railroad,test/legitimate/genuine_enotes.comtopicunion_pacific_railroad_7143d77358.png
test,legitimate,genuine_rulesforthegame.com,test/legitimate/genuine_rulesforthegame.com_5f54aec254.png
test,legitimate,genuine_fuck.addr.com,test/legitimate/genuine_fuck.addr.com_1b49d271e2.png
test,legitimate,fandango.com,test/legitimate/fandango.com_5419618313.png
test,legitimate,genuine_indigotones.comcontact.html,test/legitimate/genuine_indigotones.comcontact.html_ee125f2713.png
test,legitimate,genuine_lasr.nettravelcity.php,test/legitimate/genuine_lasr.nettravelcity.php_e0d63aa6a8.png
test,legitimate,genuine_davidklein.org,test/legitimate/genuine_davidklein.org_2d1e6f323e.png
test,legitimate,genuine_powells.combiblio61-9781558495470-1,test/legitimate/genuine_powells.combiblio61-9781558495470-1_e30b58e946.png
test,legitimate,genuine_doc.cat-v.orgplan_94th_editionpapersrc,test/legitimate/genuine_doc.cat-v.orgplan_94th_editionpapersrc_6b364b32e4.png
test,legitimate,genuine_www.allproducts.comtamibaeyon,test/legitimate/genuine_www.allproducts.comtamibaeyon_399b1ef23d.png
test,legitimate,genuine_girlebooks.comebook-cataloghannah-webster-fosterthe-coquette,test/legitimate/genuine_girlebooks.comebook-cataloghannah-webster-fosterthe-coquette_ba84356b5f.png
test,legitimate,genuine_cbsa-asfc.gc.caimportcodesnb-eng.html,test/legitimate/genuine_cbsa-asfc.gc.caimportcodesnb-eng.html_50c1bbdd8b.png
test,legitimate,genuine_randsco.com,test/legitimate/genuine_randsco.com_946fc40ba7.png
test,legitimate,genuine_goorooanimation.comanimal_instincts.htm,test/legitimate/genuine_goorooanimation.comanimal_instincts.htm_eee793f115.png
test,legitimate,genuine_montrealwanderers.ca,test/legitimate/genuine_montrealwanderers.ca_040aa597fe.png
test,phishing,phishing_bhejacry.comwp-includesjsjcropgucci2014gdocspvalidate.html,test/phishing/phishing_bhejacry.comwp-includesjsjcropgucci2014gdocspvalidate.html_2eb3d0e485.png
test,phishing,phishing_www.bjcurio.comjsindex.htm,test/phishing/phishing_www.bjcurio.comjsindex.htm_8c94bfc990.png
test,phishing,phishing_mahindrainsurance.comdownload_docrisposta_info_1103.zip,test/phishing/phishing_mahindrainsurance.comdownload_docrisposta_info_1103.zip_3a99b9781f.png
test,phishing,phishing_battcave.netksrwo,test/phishing/phishing_battcave.netksrwo_81cddc8006.png
test,phishing,phishing_sextase.rusystemlogsfinancenewuserloginsign-in,test/phishing/phishing_sextase.rusystemlogsfinancenewuserloginsign-in_07325f55f8.png
test,phishing,phishing_tiny.ccfgkk2x,test/phishing/phishing_tiny.ccfgkk2x_6ba7275b1f.png
test,phishing,phishing_therubensmusic.com,test/phishing/phishing_therubensmusic.com_4319e8fc98.png
test,phishing,phishing_bercertificates.comsineadwp-includescssdbmecxsqv4sxzdmqbf616e797468696secure_are,test/phishing/phishing_bercertificates.comsineadwp-includescssdbmecxsqv4sxzdmqbf616e797468696secure_are_d50ea9c934.png
test,phishing,phishing_tiny.cccartasi-it,test/phishing/phishing_tiny.cccartasi-it_f79142a12b.png
test,phishing,phishing_bynet.inkibq6v,test/phishing/phishing_bynet.inkibq6v_cfaf87a29d.png
test,phishing,phishing_xdysb.comlyb,test/phishing/phishing_xdysb.comlyb_2dce257bd3.png
test,phishing,phishing_elafgroup.comt76f3g,test/phishing/phishing_elafgroup.comt76f3g_a18ec018b5.png
test,phishing,www.nembi.com.br,test/phishing/www.nembi.com.br_bb206203df.png
test,phishing,phishing_aandgtrading.comcategory_imagesk2bookmarkii.php,test/phishing/phishing_aandgtrading.comcategory_imagesk2bookmarkii.php_ff306c0f69.png
test,phishing,phishing_j.gs2912956paypalcomuscgi-binwebscrcmdlogin-s,test/phishing/phishing_j.gs2912956paypalcomuscgi-binwebscrcmdlogin-s_d1526644ec.png
test,phishing,phishing_montrealpersonalchef.comyorksrts,test/phishing/phishing_montrealpersonalchef.comyorksrts_1470a68618.png
test,phishing,phishing_mapharma61.frdownloadermagedmodelconfigsscameliportailasappmanagerportailasassur,test/phishing/phishing_mapharma61.frdownloadermagedmodelconfigsscameliportailasappmanagerportailasassur_8d10c60b88.png
test,phishing,phishing_kranskotaren.sewordpresswp-includesjscropdocumentindex.htm,test/phishing/phishing_kranskotaren.sewordpresswp-includesjscropdocumentindex.htm_950358b4b7.png
test,phishing,phishing_www.hydroenergie.fryzhhkit,test/phishing/phishing_www.hydroenergie.fryzhhkit_00783c8864.png
test,phishing,phishing_185.65.244.28getinfodata.php,test/phishing/phishing_185.65.244.28getinfodata.php_b423bdc95d.png
test,phishing,phishing_luxury-domains.combusiness3,test/phishing/phishing_luxury-domains.combusiness3_d84360dc9e.png
test,phishing,phishing_4000simin.or.krplushtmlbookmarkii.php,test/phishing/phishing_4000simin.or.krplushtmlbookmarkii.php_b0450369dd.png
test,phishing,phishing_bitly.comszee9d,test/phishing/phishing_bitly.comszee9d_1d0663b895.png
test,phishing,phishing_stbcomputer.comautodeskcomponentswww.paypal.comdkcgi-binwebscrcmd-logina382ba582,test/phishing/phishing_stbcomputer.comautodeskcomponentswww.paypal.comdkcgi-binwebscrcmd-logina382ba582_da721c08a7.png
test,phishing,phishing_www.insigmaus.comwp-includespomodx.php,test/phishing/phishing_www.insigmaus.comwp-includespomodx.php_63fc315c8e.png
test,phishing,j.gs,test/phishing/j.gs_cfd256425a.png
test,phishing,phishing_wearzone.netpostdata,test/phishing/phishing_wearzone.netpostdata_17c88d8432.png
test,phishing,phishing_netclip.ro08yhrf3,test/phishing/phishing_netclip.ro08yhrf3_3dd2ff3348.png
test,phishing,phishing_www.bl35.orgimages,test/phishing/phishing_www.bl35.orgimages_7996efbb94.png
test,phishing,phishing_espm.co.ilwp-includestextoutlook,test/phishing/phishing_espm.co.ilwp-includestextoutlook_b532537042.png
test,phishing,phishing_aeroklub.poznan.plsecuritysxh0m3lo3fhd6hcnyb3conu9wyueuexc243eyftrk1vg8xuwynzd1j,test/phishing/phishing_aeroklub.poznan.plsecuritysxh0m3lo3fhd6hcnyb3conu9wyueuexc243eyftrk1vg8xuwynzd1j_4327f40a6f.png
test,phishing,phishing_nolanfinishes.com.aug00g1esecurefiletransfercloudreaderfbc93e44e572cc5b9a611d3e5,test/phishing/phishing_nolanfinishes.com.aug00g1esecurefiletransfercloudreaderfbc93e44e572cc5b9a611d3e5_eeeecced19.png
test,phishing,www.sunjsc.vn,test/phishing/www.sunjsc.vn_abf1af5e85.png
test,phishing,phishing_blogdacomunicacao.com.brimn2index.html,test/phishing/phishing_blogdacomunicacao.com.brimn2index.html_f40674ae81.png
test,phishing,phishing_t36s.0fees.netlogin.paypal.com.cgi-bin.webscr-cmd-flow.session9k32fdsdfgfgpaypal,test/phishing/phishing_t36s.0fees.netlogin.paypal.com.cgi-bin.webscr-cmd-flow.session9k32fdsdfgfgpaypal_b5c66f7853.png
test,phishing,phishing_gift2belgaum.com8fh34f3,test/phishing/phishing_gift2belgaum.com8fh34f3_5cf259f979.png
test,phishing,phishing_disenosyservicios.coma,test/phishing/phishing_disenosyservicios.coma_4454b58e59.png
test,phishing,phishing_windowmedics.com9cbspg6,test/phishing/phishing_windowmedics.com9cbspg6_cf8920ff6b.png
test,phishing,phishing_sb.xxyy111.comii.php,test/phishing/phishing_sb.xxyy111.comii.php_6f43d4917d.png
test,phishing,phishing_firstchoiceok.comlaw1index,test/phishing/phishing_firstchoiceok.comlaw1index_cc3a5d57ab.png
test,phishing,kathollowell.com,test/phishing/kathollowell.com_6f319a627f.png
test,phishing,phishing_easvarahospital.comfilesdhlbe48c5996e4fc7dd9b6ddb3b9224079a,test/phishing/phishing_easvarahospital.comfilesdhlbe48c5996e4fc7dd9b6ddb3b9224079a_341a686ab4.png
test,phishing,phishing_www.qinxin.cnimagesindex.htm,test/phishing/phishing_www.qinxin.cnimagesindex.htm_71a5fa7815.png
test,phishing,phishing_192.227.137.154request.php,test/phishing/phishing_192.227.137.154request.php_c73a83481f.png
test,phishing,phishing_lokum1985.republika.pl78yhuinfys,test/phishing/phishing_lokum1985.republika.pl78yhuinfys_f4a5acec6f.png
test,phishing,phishing_lux-dekor.sufolderonlineaccounts.webmail.loginindex.php,test/phishing/phishing_lux-dekor.sufolderonlineaccounts.webmail.loginindex.php_11415ac91f.png
test,phishing,phishing_dk174.ruwp-contentthemesimgsec1.store.apple.com.shop.login.c-ahr0cdovl3d3dy5hchb,test/phishing/phishing_dk174.ruwp-contentthemesimgsec1.store.apple.com.shop.login.c-ahr0cdovl3d3dy5hchb_65af260995.png
test,phishing,phishing_paypal.account-update.orgmaxcgi-binindex.php,test/phishing/phishing_paypal.account-update.orgmaxcgi-binindex.php_8113aca593.png
test,phishing,phishing_clickhubli.com8fh34f3,test/phishing/phishing_clickhubli.com8fh34f3_deaf72b3e9.png
test,phishing,phishing_peaumontreal.comhudindex.php,test/phishing/phishing_peaumontreal.comhudindex.php_22390caa79.png
test,phishing,phishing_sccxtx.comgdywsb9,test/phishing/phishing_sccxtx.comgdywsb9_1b5d2578c2.png
test,phishing,phishing_hiposistem.co.rsincludesjsdtreeimgwebscr,test/phishing/phishing_hiposistem.co.rsincludesjsdtreeimgwebscr_4bae4ba846.png
test,phishing,phishing_charlestonmarketing.commodulesoffice365,test/phishing/phishing_charlestonmarketing.commodulesoffice365_619e7b120b.png
test,phishing,phishing_waaynet.comconfidentialfileginputindex.php,test/phishing/phishing_waaynet.comconfidentialfileginputindex.php_792a7e07c8.png
test,phishing,phishing_veganvet.net,test/phishing/phishing_veganvet.net_06db3083ed.png
test,phishing,phishing_tethys.xyzeotugate.php,test/phishing/phishing_tethys.xyzeotugate.php_9eef6258d4.png
test,phishing,phishing_astra-antiques.combt32u5,test/phishing/phishing_astra-antiques.combt32u5_3c93a2d816.png
test,phishing,phishing_www.yuankangzs.comjs,test/phishing/phishing_www.yuankangzs.comjs_9ce8840dfc.png
test,phishing,phishing_best-targeted-traffic.cominst1.exe,test/phishing/phishing_best-targeted-traffic.cominst1.exe_ae6578d7d4.png
test,phishing,phishing_jhomitevd2abj3fk.tor2web.org,test/phishing/phishing_jhomitevd2abj3fk.tor2web.org_effc1592da.png
